img,link,prod,price,,,,,,
https://m.media-amazon.com/images/I/71tsaBtLtxL._AC_UL320_ML3_.jpg,https://www.amazon.in/Vim-Anti-Smell-Bar-Pack/dp/B071LGVNJ2/ref=sr_1_1?crid=TF74J8XYCT71&dchild=1&fpw=pantry&keywords=groceries+all+items+price&qid=1587472020&s=pantry&sprefix=groce%2Cpantry%2C275&sr=8-1&srs=9574332031,Vim Anti Smell Bar - 200 g (Pack of 3),52,,,,,,
https://m.media-amazon.com/images/I/514HorCFh2L._AC_UL320_ML3_.jpg,https://www.amazon.in/Harpic-Bathroom-Cleaner-Lemon/dp/B01MR27ZY6/ref=sr_1_2?crid=TF74J8XYCT71&dchild=1&fpw=pantry&keywords=groceries+all+items+price&qid=1587472020&s=pantry&sprefix=groce%2Cpantry%2C275&sr=8-2&srs=9574332031,Harpic Bathroom Cleaner Lemon - 1 L,141,,,,,,
https://m.media-amazon.com/images/I/71puz2cZKJL._AC_UL320_ML3_.jpg,https://www.amazon.in/Sanifresh-Toilet-Cleaner-Odonil-Freshener/dp/B01CJUIPWS/ref=sr_1_3?crid=TF74J8XYCT71&dchild=1&fpw=pantry&keywords=groceries+all+items+price&qid=1587472020&s=pantry&sprefix=groce%2Cpantry%2C275&sr=8-3&srs=9574332031,Sanifresh Ultrashine 1L ( 500 + 500) Toilet Cleaner -1.5X Extra Strong Extra Clean with Odonil Room Freshner Blocks 50 g Free,107,,,,,,
https://m.media-amazon.com/images/I/71EWxBb2xtL._AC_UL320_ML3_.jpg,https://www.amazon.in/Godrej-Aer-Pocket-30-Pack/dp/B01NCBHR4M/ref=sr_1_4?crid=TF74J8XYCT71&dchild=1&fpw=pantry&keywords=groceries+all+items+price&qid=1587472020&s=pantry&sprefix=groce%2Cpantry%2C275&sr=8-4&srs=9574332031,"Godrej aer Pocket, Bathroom Air Fragrance - Assorted Pack of 3 (3x10g)",136,,,,,,
https://m.media-amazon.com/images/I/61Z1gGn7wcL._AC_UL320_ML3_.jpg,https://www.amazon.in/Colgate-ZigZag-Toothbrush-Medium-B2G1/dp/B01CJULE94/ref=sr_1_5?crid=TF74J8XYCT71&dchild=1&fpw=pantry&keywords=groceries+all+items+price&qid=1587472020&s=pantry&sprefix=groce%2Cpantry%2C275&sr=8-5&srs=9574332031,Colgate ZigZag Toothbrush - Medium (Buy 2 Get 1),59,,,,,,
https://m.media-amazon.com/images/I/616eR+sFMML._AC_UL320_ML3_.jpg,https://www.amazon.in/Dettol-Liquid-Handwash-750-ml/dp/B06XKRW9JH/ref=sr_1_6?crid=TF74J8XYCT71&dchild=1&fpw=pantry&keywords=groceries+all+items+price&qid=1587472020&s=pantry&sprefix=groce%2Cpantry%2C275&sr=8-6&srs=9574332031,Dettol Liquid Handwash Skincare - 750 ml,108,,,,,,
https://m.media-amazon.com/images/I/51EH8CoYSSL._AC_UL320_ML3_.jpg,https://www.amazon.in/Dabur-Meswak-Toothpaste-200-g/dp/B01CJUGBN8/ref=sr_1_7?crid=TF74J8XYCT71&dchild=1&fpw=pantry&keywords=groceries+all+items+price&qid=1587472020&s=pantry&sprefix=groce%2Cpantry%2C275&sr=8-7&srs=9574332031,Dabur Meswak: India?? No-1 Fluoride Free Toothpaste | Herbal paste made from pure extract of rare Miswak herb -200 g,82,,,,,,
https://m.media-amazon.com/images/I/61zoEOzkUCL._AC_UL320_ML3_.jpg,https://www.amazon.in/Surf-Excel-Matic-Detergent-Powder/dp/B01CJVVLUA/ref=sr_1_8?crid=TF74J8XYCT71&dchild=1&fpw=pantry&keywords=groceries+all+items+price&qid=1587472020&s=pantry&sprefix=groce%2Cpantry%2C275&sr=8-8&srs=9574332031,"Surf Excel Matic Front Load Detergent Powder, 2 kg",390,,,,,,
https://m.media-amazon.com/images/I/61SacrIvdEL._AC_UL320_ML3_.jpg,https://www.amazon.in/Tata-Salt-1kg/dp/B01HBF5WBI/ref=sr_1_9?crid=TF74J8XYCT71&dchild=1&fpw=pantry&keywords=groceries+all+items+price&qid=1587472020&s=pantry&sprefix=groce%2Cpantry%2C275&sr=8-9&srs=9574332031,"Tata Salt, 1kg",19,,,,,,
https://m.media-amazon.com/images/I/71i3r+ukCrL._AC_UL320_ML3_.jpg,https://www.amazon.in/Aashirvaad-Salt-Iodised-Bag/dp/B01CHVJ0IW/ref=sr_1_10?crid=TF74J8XYCT71&dchild=1&fpw=pantry&keywords=groceries+all+items+price&qid=1587472020&s=pantry&sprefix=groce%2Cpantry%2C275&sr=8-10&srs=9574332031,"Aashirvaad Salt - Iodised, 1kg Bag",18,,,,,,
https://m.media-amazon.com/images/I/614vCTbxX6L._AC_UL320_ML3_.jpg,https://www.amazon.in/Gemini-Refined-Sunflower-Oil-Pouch/dp/B06ZYSCP9L/ref=sr_1_11?crid=TF74J8XYCT71&dchild=1&fpw=pantry&keywords=groceries+all+items+price&qid=1587472020&s=pantry&sprefix=groce%2Cpantry%2C275&sr=8-11&srs=9574332031,"Gemini Refined Sunflower Oil Pouch, 1L",115,,,,,,
https://m.media-amazon.com/images/I/5164ANuIpsL._AC_UL320_ML3_.jpg,https://www.amazon.in/Sunfeast-Moms-Magic-Cashew-Almonds/dp/B01CHUSV38/ref=sr_1_12?crid=TF74J8XYCT71&dchild=1&fpw=pantry&keywords=groceries+all+items+price&qid=1587472020&s=pantry&sprefix=groce%2Cpantry%2C275&sr=8-12&srs=9574332031,"Sunfeast Mom's Magic Cashew and Almonds, 200g",35,,,,,,
https://m.media-amazon.com/images/I/81ERz5KZ3xL._AC_UL320_ML3_.jpg,https://www.amazon.in/Aashirvaad-Superior-Atta-Bag-10kg/dp/B07228KR7G/ref=sr_1_13?crid=TF74J8XYCT71&dchild=1&fpw=pantry&keywords=groceries+all+items+price&qid=1587472020&s=pantry&sprefix=groce%2Cpantry%2C275&sr=8-13&srs=9574332031,"Aashirvaad Superior MP Atta Bag, 10kg",420,,,,,,
https://m.media-amazon.com/images/I/91oNY+gNzPL._AC_UL320_ML3_.jpg,https://www.amazon.in/Amazon-Brand-Vedaka-Peanuts-Pink/dp/B07KZ6LS5Z/ref=sr_1_14?crid=TF74J8XYCT71&dchild=1&fpw=pantry&keywords=groceries+all+items+price&qid=1587472020&s=pantry&sprefix=groce%2Cpantry%2C275&sr=8-14&srs=9574332031,"Amazon Brand - Vedaka Raw Peanuts, Pink, 1kg",156,,,,,,
,,,,,,,,,
https://m.media-amazon.com/images/I/91yq6aNRDvL._AC_UL320_ML3_.jpg,https://www.amazon.in/Amazon-Brand-Vedaka-Popular-Arhar/dp/B079NP4MC9/ref=sr_1_16?crid=TF74J8XYCT71&dchild=1&fpw=pantry&keywords=groceries+all+items+price&qid=1587472020&s=pantry&sprefix=groce%2Cpantry%2C275&sr=8-16&srs=9574332031,"Amazon Brand - Vedaka Popular Toor Dal, 1kg",114,,,,,,
https://m.media-amazon.com/images/I/51iatO8hXjL._AC_UL320_ML3_.jpg,https://www.amazon.in/Lizol-Disinfectant-Surface-Cleaner-Citrus/dp/B01H4UJJW8/ref=sr_1_17?crid=TF74J8XYCT71&dchild=1&fpw=pantry&keywords=groceries+all+items+price&qid=1587472020&s=pantry&sprefix=groce%2Cpantry%2C275&sr=8-17&srs=9574332031,Lizol Disinfectant Surface Cleaner Citrus 975ml,176,,,,,,
https://m.media-amazon.com/images/I/81-FHxtJlNL._AC_UL320_ML3_.jpg,https://www.amazon.in/Amazon-Brand-Vedaka-Popular-Yellow/dp/B079N8SHCV/ref=sr_1_18?crid=TF74J8XYCT71&dchild=1&fpw=pantry&keywords=groceries+all+items+price&qid=1587472020&s=pantry&sprefix=groce%2Cpantry%2C275&sr=8-18&srs=9574332031,"Amazon Brand - Vedaka Popular Moong Dal (Yellow), 1 kg",140,,,,,,
https://m.media-amazon.com/images/I/61MRDlPoxuL._AC_UL320_ML3_.jpg,https://www.amazon.in/Surf-Excel-Easy-Detergent-Powder/dp/B01H4UJAW2/ref=sr_1_19?crid=TF74J8XYCT71&dchild=1&fpw=pantry&keywords=groceries+all+items+price&qid=1587472020&s=pantry&sprefix=groce%2Cpantry%2C275&sr=8-19&srs=9574332031,Surf Excel Easy Wash Detergent Powder - 1.5 kg,167,,,,,,
https://m.media-amazon.com/images/I/71UKFCBnsjL._AC_UL320_ML3_.jpg,https://www.amazon.in/24-Mantra-Organic-Toor-Dal/dp/B01CHUY1KU/ref=sr_1_20?crid=TF74J8XYCT71&dchild=1&fpw=pantry&keywords=groceries+all+items+price&qid=1587472020&s=pantry&sprefix=groce%2Cpantry%2C275&sr=8-20&srs=9574332031,"24 Mantra Organic Tur Dal, 1kg",193,,,,,,
https://m.media-amazon.com/images/I/61XxbJq2nJL._AC_UL320_ML3_.jpg,https://www.amazon.in/Tata-Sampann-Pulses-Toor-Dal/dp/B01HBEQ006/ref=sr_1_21?crid=TF74J8XYCT71&dchild=1&fpw=pantry&keywords=groceries+all+items+price&qid=1587472020&s=pantry&sprefix=groce%2Cpantry%2C275&sr=8-21&srs=9574332031,"Tata Sampann Unpolished Toor Dal/Arhar Dal, 1kg",130,,,,,,
https://m.media-amazon.com/images/I/51qPPZqXTyL._AC_UL320_ML3_.jpg,https://www.amazon.in/Dabur-Hajmola-120-Tablet-Anardana/dp/B01CJUZPSU/ref=sr_1_22?crid=TF74J8XYCT71&dchild=1&fpw=pantry&keywords=groceries+all+items+price&qid=1587472020&s=pantry&sprefix=groce%2Cpantry%2C275&sr=8-22&srs=9574332031,"Dabur Hajmola Tablet, Anardana, 120 Tablets",34,,,,,,
https://m.media-amazon.com/images/I/71jXmGsytdL._AC_UL320_ML3_.jpg,https://www.amazon.in/Saffola-Healthy-Lifestyle-Edible-Pouch/dp/B01H5LRNHO/ref=sr_1_23?crid=TF74J8XYCT71&dchild=1&fpw=pantry&keywords=groceries+all+items+price&qid=1587472020&s=pantry&sprefix=groce%2Cpantry%2C275&sr=8-23&srs=9574332031,"Saffola Gold, Pro Healthy Lifestyle Edible Oil Pouch 1 L",149,,,,,,
https://m.media-amazon.com/images/I/61GpTTMi6rL._AC_UL320_ML3_.jpg,https://www.amazon.in/Parachute-Coconut-Oil-Bottle-600ml/dp/B071FB2ZVT/ref=sr_1_24?crid=TF74J8XYCT71&dchild=1&fpw=pantry&keywords=groceries+all+items+price&qid=1587472020&s=pantry&sprefix=groce%2Cpantry%2C275&sr=8-24&srs=9574332031,"Parachute Coconut Oil, 600ml Bottle",250,,,,,,
https://m.media-amazon.com/images/I/71Z-hPqJjrL._AC_UL320_ML3_.jpg,https://www.amazon.in/Tide-Plus-Detergent-Washing-Powder/dp/B079QHPJY9/ref=sr_1_25?crid=TF74J8XYCT71&dchild=1&fpw=pantry&keywords=groceries+all+items+price&qid=1587472020&s=pantry&sprefix=groce%2Cpantry%2C275&sr=8-25&srs=9574332031,"Tide Plus Extra Power Detergent Washing Powder - 2 kg (Lemon and Mint, Rupees 25 Off)",210,,,,,,
https://m.media-amazon.com/images/I/81mXFJddOlL._AC_UL320_ML3_.jpg,https://www.amazon.in/Amazon-Brand-Vedaka-Popular-Sugar/dp/B07G4SCKR3/ref=sr_1_26?crid=TF74J8XYCT71&dchild=1&fpw=pantry&keywords=groceries+all+items+price&qid=1587472020&s=pantry&sprefix=groce%2Cpantry%2C275&sr=8-26&srs=9574332031,"Amazon Brand - Vedaka Popular Sugar, 1kg",49,,,,,,
https://m.media-amazon.com/images/I/81jPZnGILSL._AC_UL320_ML3_.jpg,https://www.amazon.in/Amazon-Brand-Vedaka-Popular-Chana/dp/B079NBG4GR/ref=sr_1_27?crid=TF74J8XYCT71&dchild=1&fpw=pantry&keywords=groceries+all+items+price&qid=1587472020&s=pantry&sprefix=groce%2Cpantry%2C275&sr=8-27&srs=9574332031,"Amazon Brand - Vedaka Popular Chana Dal, 500g",50,,,,,,
https://m.media-amazon.com/images/I/6157ipTtZPL._AC_UL320_ML3_.jpg,https://www.amazon.in/Hommade-Tomato-Puree-200g/dp/B01GCE3Y9Q/ref=sr_1_28?crid=TF74J8XYCT71&dchild=1&fpw=pantry&keywords=groceries+all+items+price&qid=1587472020&s=pantry&sprefix=groce%2Cpantry%2C275&sr=8-28&srs=9574332031,"Dabur Hommade Tomato Puree, 200g",24,,,,,,
https://m.media-amazon.com/images/I/81PRyTyD5uL._AC_UL320_ML3_.jpg,https://www.amazon.in/Amazon-Brand-Vedaka-Popular-Masoor/dp/B079NSMW4M/ref=sr_1_29?crid=TF74J8XYCT71&dchild=1&fpw=pantry&keywords=groceries+all+items+price&qid=1587472020&s=pantry&sprefix=groce%2Cpantry%2C275&sr=8-29&srs=9574332031,"Amazon Brand - Vedaka Popular Red Masoor Dal Split, 1 kg",90,,,,,,
https://m.media-amazon.com/images/I/61cDYAMcuqL._AC_UL320_ML3_.jpg,https://www.amazon.in/Vim-Anti-Smell-Bar-250/dp/B071HW44L7/ref=sr_1_30?crid=TF74J8XYCT71&dchild=1&fpw=pantry&keywords=groceries+all+items+price&qid=1587472020&s=pantry&sprefix=groce%2Cpantry%2C275&sr=8-30&srs=9574332031,Vim Anti Smell Bar - 250 g,19,,,,,,
https://m.media-amazon.com/images/I/71VzUpmm5cL._AC_UL320_ML3_.jpg,https://www.amazon.in/Saffola-Gold-Healthy-Lifestyle-Edible/dp/B01H5LROLO/ref=sr_1_31?crid=TF74J8XYCT71&dchild=1&fpw=pantry&keywords=groceries+all+items+price&qid=1587472020&s=pantry&sprefix=groce%2Cpantry%2C275&sr=8-31&srs=9574332031,"Saffola Gold, Pro Healthy Lifestyle Edible Oil Jar 5 L",725,,,,,,
https://m.media-amazon.com/images/I/71xovPKwjVL._AC_UL320_ML3_.jpg,https://www.amazon.in/Dabur-Red-Ayurvedic-Toothpaste-200/dp/B01CJUGQCY/ref=sr_1_32?crid=TF74J8XYCT71&dchild=1&fpw=pantry&keywords=groceries+all+items+price&qid=1587472020&s=pantry&sprefix=groce%2Cpantry%2C275&sr=8-32&srs=9574332031,Dabur Red Ayurvedic Paste -200 gm,90,,,,,,
https://m.media-amazon.com/images/I/91-9eqahobL._AC_UL320_ML3_.jpg,https://www.amazon.in/Amazon-Brand-Vedaka-Raw-Peanuts/dp/B07KZ6VX2S/ref=sr_1_33?crid=TF74J8XYCT71&dchild=1&fpw=pantry&keywords=groceries+all+items+price&qid=1587472020&s=pantry&sprefix=groce%2Cpantry%2C275&sr=8-33&srs=9574332031,"Amazon Brand - Vedaka Raw Peanuts, Red, 1kg",145,,,,,,
https://m.media-amazon.com/images/I/611DtwvOuxL._AC_UL320_ML3_.jpg,https://www.amazon.in/Comfort-After-Morning-Fabric-Conditioner/dp/B074WCPL2R/ref=sr_1_34?crid=TF74J8XYCT71&dchild=1&fpw=pantry&keywords=groceries+all+items+price&qid=1587472020&s=pantry&sprefix=groce%2Cpantry%2C275&sr=8-34&srs=9574332031,Comfort After Wash Morning Fresh Fabric Conditioner - 860 ml,194,,,,,,
,,,,,,,,,
https://m.media-amazon.com/images/I/61mhqFy2wNL._AC_UL320_ML3_.jpg,https://www.amazon.in/Surf-Excel-Matic-Detergent-Powder/dp/B01CJVVGH8/ref=sr_1_36?crid=TF74J8XYCT71&dchild=1&fpw=pantry&keywords=groceries+all+items+price&qid=1587472020&s=pantry&sprefix=groce%2Cpantry%2C275&sr=8-36&srs=9574332031,"Surf Excel Matic Top Load Detergent Powder, 2 kg",314,,,,,,
https://m.media-amazon.com/images/I/719kpEAd8iL._AC_UL320_ML3_.jpg,https://www.amazon.in/Dabur-100-Pure-Honey-Squeezy/dp/B07JBD6Y19/ref=sr_1_37?crid=TF74J8XYCT71&dchild=1&fpw=pantry&keywords=groceries+all+items+price&qid=1587472020&s=pantry&sprefix=groce%2Cpantry%2C275&sr=8-37&srs=9574332031,"Dabur 100% Pure Honey Squeezy, 225g (Buy 1 Get 1 Free)",139,,,,,,
https://m.media-amazon.com/images/I/61qE9TKatmL._AC_UL320_ML3_.jpg,https://www.amazon.in/Daawat-Rozana-Super-Basmati-Rice/dp/B01LXMBENK/ref=sr_1_38?crid=TF74J8XYCT71&dchild=1&fpw=pantry&keywords=groceries+all+items+price&qid=1587472020&s=pantry&sprefix=groce%2Cpantry%2C275&sr=8-38&srs=9574332031,"Daawat Rozana Super Basmati Rice, 5kg",309,,,,,,
https://m.media-amazon.com/images/I/61tlSU2WxHL._AC_UL320_ML3_.jpg,https://www.amazon.in/Comfort-After-Fresh-Fabric-Conditioner/dp/B074WCYT8H/ref=sr_1_39?crid=TF74J8XYCT71&dchild=1&fpw=pantry&keywords=groceries+all+items+price&qid=1587472020&s=pantry&sprefix=groce%2Cpantry%2C275&sr=8-39&srs=9574332031,Comfort After Wash Lily Fresh Fabric Conditioner - 860 ml,199,,,,,,
https://m.media-amazon.com/images/I/71322TUwRNL._AC_UL320_ML3_.jpg,https://www.amazon.in/Kohinoor-Charminar-Everyday-Rice-5kg/dp/B07D6TTWLZ/ref=sr_1_40?crid=TF74J8XYCT71&dchild=1&fpw=pantry&keywords=groceries+all+items+price&qid=1587472020&s=pantry&sprefix=groce%2Cpantry%2C275&sr=8-40&srs=9574332031,"Kohinoor Charminar Everyday Rice, 5 kg",299,,,,,,
https://m.media-amazon.com/images/I/61s-Y43D9ML._AC_UL320_ML3_.jpg,https://www.amazon.in/Dettol-Soap-Original-125g-Pack/dp/B078VGLJZ3/ref=sr_1_41?crid=TF74J8XYCT71&dchild=1&fpw=pantry&keywords=groceries+all+items+price&qid=1587472020&s=pantry&sprefix=groce%2Cpantry%2C275&sr=8-41&srs=9574332031,"Dettol Original Soap, 125g (Pack of 4)",140,,,,,,
https://m.media-amazon.com/images/I/71YUPlRyARL._AC_UL320_ML3_.jpg,https://www.amazon.in/Genteel-Liquid-Detergent-Buy-Free/dp/B01CJUH830/ref=sr_1_42?crid=TF74J8XYCT71&dchild=1&fpw=pantry&keywords=groceries+all+items+price&qid=1587472020&s=pantry&sprefix=groce%2Cpantry%2C275&sr=8-42&srs=9574332031,Genteel Liquid Detergent - Pack of 2 (1kg+1kg),256,,,,,,
https://m.media-amazon.com/images/I/61RNyTmlvDL._AC_UL320_ML3_.jpg,https://www.amazon.in/Cinthol-Lime-Soap-100g-Pack/dp/B01MZWIZOW/ref=sr_1_43?crid=TF74J8XYCT71&dchild=1&fpw=pantry&keywords=groceries+all+items+price&qid=1587472020&s=pantry&sprefix=groce%2Cpantry%2C275&sr=8-43&srs=9574332031,Cinthol Lime Bath Soap 100g (Pack of 4) + 100g FREE,106,,,,,,
https://m.media-amazon.com/images/I/51M+Id66imL._AC_UL320_ML3_.jpg,https://www.amazon.in/Dhampure-White-Crystal-Sugar-1kg/dp/B07TRN5RBP/ref=sr_1_44?crid=TF74J8XYCT71&dchild=1&fpw=pantry&keywords=groceries+all+items+price&qid=1587472020&s=pantry&sprefix=groce%2Cpantry%2C275&sr=8-44&srs=9574332031,"Dhampure White Crystal Sugar, 1kg",44,,,,,,
https://m.media-amazon.com/images/I/615Y1bkQZnL._AC_UL320_ML3_.jpg,https://www.amazon.in/Sanifresh-Ultrashine-Toilet-Cleaner-500ml/dp/B07JGV83TD/ref=sr_1_45?crid=TF74J8XYCT71&dchild=1&fpw=pantry&keywords=groceries+all+items+price&qid=1587472020&s=pantry&sprefix=groce%2Cpantry%2C275&sr=8-45&srs=9574332031,Sanifresh Ultrashine Toilet Cleaner -1.5X Extra Strong Extra Clean -500 ML( Buy 2 Get 1 free),155,,,,,,
https://m.media-amazon.com/images/I/51YfvpIGg8L._AC_UL320_ML3_.jpg,https://www.amazon.in/Fortune-Everyday-Hamesha-Basmati-Rice/dp/B07FPWSY3R/ref=sr_1_46?crid=TF74J8XYCT71&dchild=1&fpw=pantry&keywords=groceries+all+items+price&qid=1587472020&s=pantry&sprefix=groce%2Cpantry%2C275&sr=8-46&srs=9574332031,"Fortune Everyday Hamesha Basmati Rice, 5kg",279,,,,,,
https://m.media-amazon.com/images/I/61qdNbwtZgL._AC_UL320_ML3_.jpg,https://www.amazon.in/Tata-Sampann-Toor-Dal-500g/dp/B01K4F3IVS/ref=sr_1_47?crid=TF74J8XYCT71&dchild=1&fpw=pantry&keywords=groceries+all+items+price&qid=1587472020&s=pantry&sprefix=groce%2Cpantry%2C275&sr=8-47&srs=9574332031,"Tata Sampann Toor Dal, 500g",69,,,,,,
https://m.media-amazon.com/images/I/61OsmApmxwL._AC_UL320_ML3_.jpg,https://www.amazon.in/Good-Knight-Personal-Repellent-Bubblegum/dp/B01M5JV8IS/ref=sr_1_48?crid=TF74J8XYCT71&dchild=1&fpw=pantry&keywords=groceries+all+items+price&qid=1587472020&s=pantry&sprefix=groce%2Cpantry%2C275&sr=8-48&srs=9574332031,Goodknight 100% Natural Mosquito Repellent Fabric Roll On (Fragrance - Bubble gum)8ML,71,,,,,,
https://m.media-amazon.com/images/I/71xjVPwBhHL._AC_UL320_ML3_.jpg,https://www.amazon.in/24-Mantra-Organic-Cumin-Seed/dp/B01GCDS88E/ref=sr_1_49?crid=TF74J8XYCT71&dchild=1&fpw=pantry&keywords=groceries+all+items+price&qid=1587472068&s=pantry&sprefix=groce%2Cpantry%2C275&sr=8-49&srs=9574332031,"24 Mantra Organic Cumin Seed, 100g",90,,,,,,
https://m.media-amazon.com/images/I/71N278RlC8L._AC_UL320_ML3_.jpg,https://www.amazon.in/Rin-Ala-Bleach-500-ml/dp/B01CJVQG1O/ref=sr_1_50?crid=TF74J8XYCT71&dchild=1&fpw=pantry&keywords=groceries+all+items+price&qid=1587472068&s=pantry&sprefix=groce%2Cpantry%2C275&sr=8-50&srs=9574332031,Rin Ala Bleach - 500 ml,61,,,,,,
https://m.media-amazon.com/images/I/7102-pdCFAL._AC_UL320_ML3_.jpg,https://www.amazon.in/Kohinoor-Super-Value-Basmati-1-2kg/dp/B07NQTJ91J/ref=sr_1_51?crid=TF74J8XYCT71&dchild=1&fpw=pantry&keywords=groceries+all+items+price&qid=1587472068&s=pantry&sprefix=groce%2Cpantry%2C275&sr=8-51&srs=9574332031,"Kohinoor Super Value Basmati Rice, Blue, 1kg (20% extra)",136,,,,,,
https://m.media-amazon.com/images/I/61qwkLVRj1L._AC_UL320_ML3_.jpg,https://www.amazon.in/Surf-Excel-Matic-Liquid-Detergent/dp/B072N7KSGZ/ref=sr_1_52?crid=TF74J8XYCT71&dchild=1&fpw=pantry&keywords=groceries+all+items+price&qid=1587472068&s=pantry&sprefix=groce%2Cpantry%2C275&sr=8-52&srs=9574332031,Surf Excel Matic Top Load Liquid Detergent - 1.02L,188,,,,,,
https://m.media-amazon.com/images/I/81zJ0jYFYZL._AC_UL320_ML3_.jpg,https://www.amazon.in/Amazon-Brand-Vedaka-Foxnuts-100g/dp/B07N9KCRWC/ref=sr_1_53?crid=TF74J8XYCT71&dchild=1&fpw=pantry&keywords=groceries+all+items+price&qid=1587472068&s=pantry&sprefix=groce%2Cpantry%2C275&sr=8-53&srs=9574332031,Amazon Brand - Vedaka Fox Nuts (Phool Makhana) 100g,120,,,,,,
https://m.media-amazon.com/images/I/71wdykQAs4L._AC_UL320_ML3_.jpg,https://www.amazon.in/Vim-Dishwash-Bar-Super-Saver/dp/B07WFPLFPV/ref=sr_1_54?crid=TF74J8XYCT71&dchild=1&fpw=pantry&keywords=groceries+all+items+price&qid=1587472068&s=pantry&sprefix=groce%2Cpantry%2C275&sr=8-54&srs=9574332031,Vim Dishwash Bar - 600 g (Super Saver Pack 3 x 200g),44,,,,,,
https://m.media-amazon.com/images/I/61VGYi4fkzL._AC_UL320_ML3_.jpg,https://www.amazon.in/Kohinoor-Super-Silver-Aged-Basmati/dp/B07T3DTHWM/ref=sr_1_55?crid=TF74J8XYCT71&dchild=1&fpw=pantry&keywords=groceries+all+items+price&qid=1587472068&s=pantry&sprefix=groce%2Cpantry%2C275&sr=8-55&srs=9574332031,"Kohinoor Super Silver Aged Basmati Rice,5kg",519,,,,,,
https://m.media-amazon.com/images/I/81JCOx3lLxL._AC_UL320_ML3_.jpg,https://www.amazon.in/Amazon-Brand-Vedaka-Popular-Kabuli/dp/B079NQZBQR/ref=sr_1_56?crid=TF74J8XYCT71&dchild=1&fpw=pantry&keywords=groceries+all+items+price&qid=1587472068&s=pantry&sprefix=groce%2Cpantry%2C275&sr=8-56&srs=9574332031,"Amazon Brand - Vedaka Popular Kabuli Chana / Chhole, 1 kg",106,,,,,,
https://m.media-amazon.com/images/I/613rLd3PhSL._AC_UL320_ML3_.jpg,https://www.amazon.in/Kohinoor-Super-Value-Basmati-Rice/dp/B07NQVNZ5K/ref=sr_1_57?crid=TF74J8XYCT71&dchild=1&fpw=pantry&keywords=groceries+all+items+price&qid=1587472068&s=pantry&sprefix=groce%2Cpantry%2C275&sr=8-57&srs=9574332031,"Kohinoor Super Value Basmati Rice, Blue, 5kg",559,,,,,,
https://m.media-amazon.com/images/I/61PL0xDVY6L._AC_UL320_ML3_.jpg,https://www.amazon.in/Colin-Glass-Cleaner-Liquid-Refill/dp/B071KTH1NK/ref=sr_1_58?crid=TF74J8XYCT71&dchild=1&fpw=pantry&keywords=groceries+all+items+price&qid=1587472068&s=pantry&sprefix=groce%2Cpantry%2C275&sr=8-58&srs=9574332031,"Colin Glass and Household Cleaner with Shine Boosters Refill, Regular - 1L",134,,,,,,
https://m.media-amazon.com/images/I/51S02Z7QEFL._AC_UL320_ML3_.jpg,https://www.amazon.in/Amazon-Brand-Solimo-Premium-Cashews/dp/B01LXALEKH/ref=sr_1_59?crid=TF74J8XYCT71&dchild=1&fpw=pantry&keywords=groceries+all+items+price&qid=1587472068&s=pantry&sprefix=groce%2Cpantry%2C275&sr=8-59&srs=9574332031,"Amazon Brand - Solimo Premium Cashews, 250g",335,,,,,,
https://m.media-amazon.com/images/I/71jOC7SFXhL._AC_UL320_ML3_.jpg,https://www.amazon.in/Saffola-Active-Weight-Watchers-Edible/dp/B01H5LRKL8/ref=sr_1_60?crid=TF74J8XYCT71&dchild=1&fpw=pantry&keywords=groceries+all+items+price&qid=1587472068&s=pantry&sprefix=groce%2Cpantry%2C275&sr=8-60&srs=9574332031,"Saffola Active, Pro Weight Watchers Edible Oil, Jar, 5 L",599,,,,,,
https://m.media-amazon.com/images/I/618ghcozh8L._AC_UL320_ML3_.jpg,https://www.amazon.in/Pears-Pure-Gentle-Bathing-125g/dp/B0744RWT9D/ref=sr_1_61?crid=TF74J8XYCT71&dchild=1&fpw=pantry&keywords=groceries+all+items+price&qid=1587472068&s=pantry&sprefix=groce%2Cpantry%2C275&sr=8-61&srs=9574332031,"Pears Pure And Gentle Bathing Bar, 125g (Pack Of 5)",215,,,,,,
https://m.media-amazon.com/images/I/81gDRxHSFcL._AC_UL320_ML3_.jpg,https://www.amazon.in/Amazon-Brand-Vedaka-Premium-Kabuli/dp/B079NR7HXW/ref=sr_1_62?crid=TF74J8XYCT71&dchild=1&fpw=pantry&keywords=groceries+all+items+price&qid=1587472068&s=pantry&sprefix=groce%2Cpantry%2C275&sr=8-62&srs=9574332031,"Amazon Brand - Vedaka Premium Kabuli Chana / Chhole, 1 kg",125,,,,,,
https://m.media-amazon.com/images/I/61Ec7Lf9uUL._AC_UL320_ML3_.jpg,https://www.amazon.in/Colgate-Advanced-Health-Anticavity-Toothpaste/dp/B07L6JBD5M/ref=sr_1_63?crid=TF74J8XYCT71&dchild=1&fpw=pantry&keywords=groceries+all+items+price&qid=1587472068&s=pantry&sprefix=groce%2Cpantry%2C275&sr=8-63&srs=9574332031,"Colgate Total Advanced Health Anticavity Toothpaste, 185g",135,,,,,,
https://m.media-amazon.com/images/I/81JBVb5dTNL._AC_UL320_ML3_.jpg,https://www.amazon.in/Amazon-Brand-Vedaka-Maida-1kg/dp/B07HTCDLJL/ref=sr_1_64?crid=TF74J8XYCT71&dchild=1&fpw=pantry&keywords=groceries+all+items+price&qid=1587472068&s=pantry&sprefix=groce%2Cpantry%2C275&sr=8-64&srs=9574332031,"Amazon Brand - Vedaka Maida, 1kg",55,,,,,,
,,,,,,,,,
https://m.media-amazon.com/images/I/61wO-3yr+fL._AC_UL320_ML3_.jpg,https://www.amazon.in/Comfort-After-Morning-Fabric-Conditioner/dp/B07DPXD4Q8/ref=sr_1_66?crid=TF74J8XYCT71&dchild=1&fpw=pantry&keywords=groceries+all+items+price&qid=1587472068&s=pantry&sprefix=groce%2Cpantry%2C275&sr=8-66&srs=9574332031,Comfort After Wash Morning Fresh Fabric Conditioner - 220 ml,385,,,,,,
https://m.media-amazon.com/images/I/810LbmUGQnL._AC_UL320_ML3_.jpg,https://www.amazon.in/Sundrop-Oil-Lite-5L-Jar/dp/B01GCGI2DC/ref=sr_1_67?crid=TF74J8XYCT71&dchild=1&fpw=pantry&keywords=groceries+all+items+price&qid=1587472068&s=pantry&sprefix=groce%2Cpantry%2C275&sr=8-67&srs=9574332031,"Sundrop Lite Oil, 5l Jar",598,,,,,,
https://m.media-amazon.com/images/I/51fpv+-oLJL._AC_UL320_ML3_.jpg,https://www.amazon.in/Vim-Dishwash-Gel-Lemon-1-8/dp/B01MTZTQLH/ref=sr_1_68?crid=TF74J8XYCT71&dchild=1&fpw=pantry&keywords=groceries+all+items+price&qid=1587472068&s=pantry&sprefix=groce%2Cpantry%2C275&sr=8-68&srs=9574332031,Vim Dishwash Liquid - 1.8L,335,,,,,,
https://m.media-amazon.com/images/I/818S83Kq3OL._AC_UL320_ML3_.jpg,https://www.amazon.in/Nestle-Everyday-Punjab-Ghee-1L/dp/B01MXXFDKF/ref=sr_1_69?crid=TF74J8XYCT71&dchild=1&fpw=pantry&keywords=groceries+all+items+price&qid=1587472068&s=pantry&sprefix=groce%2Cpantry%2C275&sr=8-69&srs=9574332031,"Nestle Everyday Shahi Ghee, 1L",469,,,,,,
https://m.media-amazon.com/images/I/81bKWgpO8HL._AC_UL320_ML3_.jpg,https://www.amazon.in/Amazon-Brand-Vedaka-Flour-Besan/dp/B07DDMGJWD/ref=sr_1_70?crid=TF74J8XYCT71&dchild=1&fpw=pantry&keywords=groceries+all+items+price&qid=1587472068&s=pantry&sprefix=groce%2Cpantry%2C275&sr=8-70&srs=9574332031,"Amazon Brand - Vedaka Gram Flour (100% Chana Besan), 1 kg",78,,,,,,
https://m.media-amazon.com/images/I/61nBoAnPSEL._AC_UL320_ML3_.jpg,https://www.amazon.in/Parachute-Coconut-Oil-litre-Pet/dp/B01CGFFKDS/ref=sr_1_71?crid=TF74J8XYCT71&dchild=1&fpw=pantry&keywords=groceries+all+items+price&qid=1587472068&s=pantry&sprefix=groce%2Cpantry%2C275&sr=8-71&srs=9574332031,Parachute Coconut Oil - 1 L Pet Jar,380,,,,,,
https://m.media-amazon.com/images/I/81nqRtKd3ZL._AC_UL320_ML3_.jpg,https://www.amazon.in/Mother-Dairy-Cow-Ghee-1L/dp/B07Q121394/ref=sr_1_72?crid=TF74J8XYCT71&dchild=1&fpw=pantry&keywords=groceries+all+items+price&qid=1587472068&s=pantry&sprefix=groce%2Cpantry%2C275&sr=8-72&srs=9574332031,"Mother Dairy Cow Ghee, 1L",467,,,,,,
https://m.media-amazon.com/images/I/61hpzB8pZjL._AC_UL320_ML3_.jpg,https://www.amazon.in/Cadbury-Bournvita-Chocolate-Health-Drink/dp/B07FPWXCT7/ref=sr_1_73?crid=TF74J8XYCT71&dchild=1&fpw=pantry&keywords=groceries+all+items+price&qid=1587472068&s=pantry&sprefix=groce%2Cpantry%2C275&sr=8-73&srs=9574332031,"Cadbury Bournvita Health Drink, 2 kg Pack",625,,,,,,
https://m.media-amazon.com/images/I/71aXjSBtFgL._AC_UL320_ML3_.jpg,https://www.amazon.in/India-Gate-Basmati-Rice-Super/dp/B07CFQYZ9J/ref=sr_1_74?crid=TF74J8XYCT71&dchild=1&fpw=pantry&keywords=groceries+all+items+price&qid=1587472068&s=pantry&sprefix=groce%2Cpantry%2C275&sr=8-74&srs=9574332031,"India Gate Basmati Rice Bag, Super, 5kg",652,,,,,,
https://m.media-amazon.com/images/I/61+-0UOpIaL._AC_UL320_ML3_.jpg,https://www.amazon.in/Solimo-Tomato-Ketchup-950-g/dp/B07N4C74YP/ref=sr_1_75?crid=TF74J8XYCT71&dchild=1&fpw=pantry&keywords=groceries+all+items+price&qid=1587472068&s=pantry&sprefix=groce%2Cpantry%2C275&sr=8-75&srs=9574332031,"Amazon Brand - Solimo Tomato Ketchup, 950 g",85,,,,,,
https://m.media-amazon.com/images/I/81O3nuZ5knL._AC_UL320_ML3_.jpg,https://www.amazon.in/EXO-Exo-Bar-700-Pack/dp/B072BY1G64/ref=sr_1_76?crid=TF74J8XYCT71&dchild=1&fpw=pantry&keywords=groceries+all+items+price&qid=1587472068&s=pantry&sprefix=groce%2Cpantry%2C275&sr=8-76&srs=9574332031,Exo Round Dish Wash Bar - 700 g (Pack of 2),125,,,,,,
https://m.media-amazon.com/images/I/718EIHYLLqL._AC_UL320_ML3_.jpg,https://www.amazon.in/24-Mantra-Organic-Mustard-Small/dp/B01GCDUSA0/ref=sr_1_77?crid=TF74J8XYCT71&dchild=1&fpw=pantry&keywords=groceries+all+items+price&qid=1587472068&s=pantry&sprefix=groce%2Cpantry%2C275&sr=8-77&srs=9574332031,"24 Mantra Organic Mustard Seed, Small, 100g",28,,,,,,
,,,,,,,,,
https://m.media-amazon.com/images/I/7181KOQX05L._AC_UL320_ML3_.jpg,https://www.amazon.in/Everyday-Milk-Powder-1kg/dp/B01HBFRSJC/ref=sr_1_79?crid=TF74J8XYCT71&dchild=1&fpw=pantry&keywords=groceries+all+items+price&qid=1587472068&s=pantry&sprefix=groce%2Cpantry%2C275&sr=8-79&srs=9574332031,"Nestle Everyday Dairy Whitener, Milk Powder for Tea, 1Kg Pouch",490,,,,,,
https://m.media-amazon.com/images/I/71Mhlm3iCUL._AC_UL320_ML3_.jpg,https://www.amazon.in/24-Mantra-Organic-Mustard-Seed/dp/B01CHV7CL4/ref=sr_1_80?crid=TF74J8XYCT71&dchild=1&fpw=pantry&keywords=groceries+all+items+price&qid=1587472068&s=pantry&sprefix=groce%2Cpantry%2C275&sr=8-80&srs=9574332031,"24 Mantra Organic Mustard Seed, Big, 100g",25,,,,,,
https://m.media-amazon.com/images/I/91z9jjsgx9L._AC_UL320_ML3_.jpg,https://www.amazon.in/Amazon-Brand-Vedaka-Cardamom-Elaichi/dp/B07C6HRKWS/ref=sr_1_81?crid=TF74J8XYCT71&dchild=1&fpw=pantry&keywords=groceries+all+items+price&qid=1587472068&s=pantry&sprefix=groce%2Cpantry%2C275&sr=8-81&srs=9574332031,"Amazon Brand - Vedaka Cardamom (Elaichi), 100g",550,,,,,,
https://m.media-amazon.com/images/I/913guVDSKrL._AC_UL320_ML3_.jpg,https://www.amazon.in/Pears-Soft-Fresh-Bathing-125g/dp/B06W2MZP4D/ref=sr_1_82?crid=TF74J8XYCT71&dchild=1&fpw=pantry&keywords=groceries+all+items+price&qid=1587472068&s=pantry&sprefix=groce%2Cpantry%2C275&sr=8-82&srs=9574332031,"Pears Soft and Fresh Bathing Bar, 125g (Buy 3 Get 1 Free)",135,,,,,,
https://m.media-amazon.com/images/I/91wHj5bRDzL._AC_UL320_ML3_.jpg,https://www.amazon.in/Amazon-Brand-Vedaka-Premium-Chilka/dp/B079N8CFZH/ref=sr_1_83?crid=TF74J8XYCT71&dchild=1&fpw=pantry&keywords=groceries+all+items+price&qid=1587472068&s=pantry&sprefix=groce%2Cpantry%2C275&sr=8-83&srs=9574332031,"Amazon Brand - Vedaka Premium Black Urad Split / Chilka, 500g",70,,,,,,
https://m.media-amazon.com/images/I/81CXi8kI5WL._AC_UL320_ML3_.jpg,https://www.amazon.in/Amazon-Brand-Vedaka-Cardamom-Elaichi/dp/B0754GSGGH/ref=sr_1_84?crid=TF74J8XYCT71&dchild=1&fpw=pantry&keywords=groceries+all+items+price&qid=1587472068&s=pantry&sprefix=groce%2Cpantry%2C275&sr=8-84&srs=9574332031,"Amazon Brand - Vedaka Cardamom (Elaichi), 50g",295,,,,,,
https://m.media-amazon.com/images/I/51eElxm+NJL._AC_UL320_ML3_.jpg,https://www.amazon.in/Dove-Pink-Beauty-Bathing-Rupees/dp/B0744SKXRV/ref=sr_1_85?crid=TF74J8XYCT71&dchild=1&fpw=pantry&keywords=groceries+all+items+price&qid=1587472068&s=pantry&sprefix=groce%2Cpantry%2C275&sr=8-85&srs=9574332031,"Dove Pink Rosa Beauty Bathing Bar, 100g (Pack of 3)",145,,,,,,
,,,,,,,,,
https://m.media-amazon.com/images/I/51nDqDUzzML._AC_UL320_ML3_.jpg,https://www.amazon.in/Clinic-Plus-Strong-Health-Shampoo/dp/B01CGEV23Q/ref=sr_1_87?crid=TF74J8XYCT71&dchild=1&fpw=pantry&keywords=groceries+all+items+price&qid=1587472068&s=pantry&sprefix=groce%2Cpantry%2C275&sr=8-87&srs=9574332031,"Clinic Plus Strong and Long Health Shampoo, 650ml",324,,,,,,
https://m.media-amazon.com/images/I/51HZ1hEdc1L._AC_UL320_ML3_.jpg,https://www.amazon.in/Fortune-Vivo-Oil-5L-Jar/dp/B01H5L6BK4/ref=sr_1_88?crid=TF74J8XYCT71&dchild=1&fpw=pantry&keywords=groceries+all+items+price&qid=1587472068&s=pantry&sprefix=groce%2Cpantry%2C275&sr=8-88&srs=9574332031,"Fortune Vivo Pro Sugar Conscious Edible Oil, Jar, 5 L",666,,,,,,
https://m.media-amazon.com/images/I/61D-gY38IIL._AC_UL320_ML3_.jpg,https://www.amazon.in/Cinthol-Lime-Soap-100g-Pack/dp/B01N67ZVLM/ref=sr_1_89?crid=TF74J8XYCT71&dchild=1&fpw=pantry&keywords=groceries+all+items+price&qid=1587472068&s=pantry&sprefix=groce%2Cpantry%2C275&sr=8-89&srs=9574332031,"Cinthol Lime Bath Soap, 100g (Pack of 8)",154,,,,,,
https://m.media-amazon.com/images/I/61pY++N4XFL._AC_UL320_ML3_.jpg,https://www.amazon.in/Lizol-Disinfectant-Surface-Cleaner-Floral/dp/B01H4UNMJY/ref=sr_1_90?crid=TF74J8XYCT71&dchild=1&fpw=pantry&keywords=groceries+all+items+price&qid=1587472068&s=pantry&sprefix=groce%2Cpantry%2C275&sr=8-90&srs=9574332031,"Lizol Disinfectant Floor Cleaner Floral, 2 L",361,,,,,,
https://m.media-amazon.com/images/I/71OrXidz2bL._AC_UL320_ML3_.jpg,https://www.amazon.in/Surf-Excel-Matic-Detergent-Powder/dp/B07PY6Z7KD/ref=sr_1_91?crid=TF74J8XYCT71&dchild=1&fpw=pantry&keywords=groceries+all+items+price&qid=1587472068&s=pantry&sprefix=groce%2Cpantry%2C275&sr=8-91&srs=9574332031,"Surf Excel Matic Top Load Detergent Powder, 3 Kg + 1 kg Free",595,,,,,,
https://m.media-amazon.com/images/I/61jMeN1BmwL._AC_UL320_ML3_.jpg,https://www.amazon.in/Domex-Ocean-Fresh-Toilet-Cleaner/dp/B07BF24JV6/ref=sr_1_92?crid=TF74J8XYCT71&dchild=1&fpw=pantry&keywords=groceries+all+items+price&qid=1587472068&s=pantry&sprefix=groce%2Cpantry%2C275&sr=8-92&srs=9574332031,"Domex Fresh Guard Ocean Fresh Disinfectant Toilet Cleaner, 750 ml",90,,,,,,
https://m.media-amazon.com/images/I/81STsnS6U4L._AC_UL320_ML3_.jpg,https://www.amazon.in/Godrej-Ezee-Liquid-Detergent-500/dp/B01CJUB700/ref=sr_1_93?crid=TF74J8XYCT71&dchild=1&fpw=pantry&keywords=groceries+all+items+price&qid=1587472068&s=pantry&sprefix=groce%2Cpantry%2C275&sr=8-93&srs=9574332031,Godrej Ezee Liquid Detergent - 500 g,89,,,,,,
https://m.media-amazon.com/images/I/61rBZswIppL._AC_UL320_ML3_.jpg,https://www.amazon.in/Colgate-Toothpaste-Visible-White-Sparkling/dp/B01CJUH6MI/ref=sr_1_94?crid=TF74J8XYCT71&dchild=1&fpw=pantry&keywords=groceries+all+items+price&qid=1587472068&s=pantry&sprefix=groce%2Cpantry%2C275&sr=8-94&srs=9574332031,"Colgate Visible White Dazzling White Toothpaste, Sparkling Mint - 200gm (Saver Pack)",153,,,,,,
,,,,,,,,,
https://m.media-amazon.com/images/I/71m3Ywqw4RL._AC_UL320_ML3_.jpg,https://www.amazon.in/Kohinoor-Charminar-Every-Meal-Mogra/dp/B0824G2HFR/ref=sr_1_96?crid=TF74J8XYCT71&dchild=1&fpw=pantry&keywords=groceries+all+items+price&qid=1587472068&s=pantry&sprefix=groce%2Cpantry%2C275&sr=8-96&srs=9574332031,"Kohinoor Charminar Every Meal Rice (Mogra), 10 Kg",499,,,,,,
https://m.media-amazon.com/images/I/910fkiDsQML._AC_UL320_ML3_.jpg,https://www.amazon.in/Godrej-Ezee-Liquid-Detergent-Refills/dp/B01MTRRIZL/ref=sr_1_97?crid=TF74J8XYCT71&dchild=1&fpw=pantry&keywords=groceries+all+items+price&qid=1587472075&s=pantry&sprefix=groce%2Cpantry%2C275&sr=8-97&srs=9574332031,Godrej Ezee Liquid Detergent - 1 kg with Two Refills - 1 kg (3 kg Pack),442,,,,,,
https://m.media-amazon.com/images/I/31l2igXwQnL._AC_UL320_ML3_.jpg,https://www.amazon.in/Clinic-Plus-Strong-Thick-Shampoo/dp/B01MDNT3ZO/ref=sr_1_98?crid=TF74J8XYCT71&dchild=1&fpw=pantry&keywords=groceries+all+items+price&qid=1587472075&s=pantry&sprefix=groce%2Cpantry%2C275&sr=8-98&srs=9574332031,"Clinic Plus Strong and Extra Thick Shampoo, 650ml",284,,,,,,
https://m.media-amazon.com/images/I/61vTz2risCL._AC_UL320_ML3_.jpg,https://www.amazon.in/Dettol-Soap-Skincare-125g-Pack/dp/B078VFHMTJ/ref=sr_1_99?crid=TF74J8XYCT71&dchild=1&fpw=pantry&keywords=groceries+all+items+price&qid=1587472075&s=pantry&sprefix=groce%2Cpantry%2C275&sr=8-99&srs=9574332031,"Dettol Skincare Soap, 125g (Pack of 4)",156,,,,,,
https://m.media-amazon.com/images/I/91m+Tv+eDlL._AC_UL320_ML3_.jpg,https://www.amazon.in/Vedaka-Premium-Pumpkin-Seeds-500g/dp/B07GR69YCV/ref=sr_1_100?crid=TF74J8XYCT71&dchild=1&fpw=pantry&keywords=groceries+all+items+price&qid=1587472075&s=pantry&sprefix=groce%2Cpantry%2C275&sr=8-100&srs=9574332031,"Vedaka Premium Pumpkin Seeds, 500g",425,,,,,,
https://m.media-amazon.com/images/I/712pTfQ3cWL._AC_UL320_ML3_.jpg,https://www.amazon.in/Ariel-Matic-Detergent-Washing-Powder/dp/B07229GRLR/ref=sr_1_101?crid=TF74J8XYCT71&dchild=1&fpw=pantry&keywords=groceries+all+items+price&qid=1587472075&s=pantry&sprefix=groce%2Cpantry%2C275&sr=8-101&srs=9574332031,Ariel Matic Front Load Detergent Washing Powder - 4 kg with Free Detergent Powder - 2 kg,"1,098",,,,,,
https://m.media-amazon.com/images/I/81+jQkH+zgL._AC_UL320_ML3_.jpg,https://www.amazon.in/Nestl%C3%A9-CERELAC-Fortified-Cereal-Wheat/dp/B01CJVB61Y/ref=sr_1_102?crid=TF74J8XYCT71&dchild=1&fpw=pantry&keywords=groceries+all+items+price&qid=1587472075&s=pantry&sprefix=groce%2Cpantry%2C275&sr=8-102&srs=9574332031,"Nestle Cerelac Fortified Baby Cereal with Milk, Wheat Apple ??rom 6 Months, 300g Pack",179,,,,,,
https://m.media-amazon.com/images/I/61dMPd3yFCL._AC_UL320_ML3_.jpg,https://www.amazon.in/Comfort-After-Morning-Fabric-Conditioner/dp/B074WCQGV9/ref=sr_1_103?crid=TF74J8XYCT71&dchild=1&fpw=pantry&keywords=groceries+all+items+price&qid=1587472075&s=pantry&sprefix=groce%2Cpantry%2C275&sr=8-103&srs=9574332031,"Comfort After Wash Morning Fresh Fabric Conditioner, 1.6 L",339,,,,,,
https://m.media-amazon.com/images/I/81NTSvJLDgL._AC_UL320_ML3_.jpg,https://www.amazon.in/Godrej-Ezee-Liquid-Detergent-1kg/dp/B01CJUB53E/ref=sr_1_104?crid=TF74J8XYCT71&dchild=1&fpw=pantry&keywords=groceries+all+items+price&qid=1587472075&s=pantry&sprefix=groce%2Cpantry%2C275&sr=8-104&srs=9574332031,Godrej Ezee Liquid Detergent - 1kg,157,,,,,,
https://m.media-amazon.com/images/I/71V4HXXHiBL._AC_UL320_ML3_.jpg,https://www.amazon.in/Disano-Extra-Light-Olive-Oil/dp/B07DVWLSYL/ref=sr_1_105?crid=TF74J8XYCT71&dchild=1&fpw=pantry&keywords=groceries+all+items+price&qid=1587472075&s=pantry&sprefix=groce%2Cpantry%2C275&sr=8-105&srs=9574332031,"Disano Extra Light Olive Oil, 2L",895,,,,,,
https://m.media-amazon.com/images/I/71fz5+DqfeL._AC_UL320_ML3_.jpg,https://www.amazon.in/Head-Shoulders-Anti-Dandruff-Shampoo-Smooth/dp/B01HBA4VMY/ref=sr_1_106?crid=TF74J8XYCT71&dchild=1&fpw=pantry&keywords=groceries+all+items+price&qid=1587472075&s=pantry&sprefix=groce%2Cpantry%2C275&sr=8-106&srs=9574332031,"Head & Shoulders Smooth & Silky Shampoo, 650ml/675ml (Weight May Vary)",475,,,,,,
https://m.media-amazon.com/images/I/81XaC8CoW4L._AC_UL320_ML3_.jpg,https://www.amazon.in/Ariel-Matic-Detergent-Washing-Powder/dp/B01N5LENPM/ref=sr_1_107?crid=TF74J8XYCT71&dchild=1&fpw=pantry&keywords=groceries+all+items+price&qid=1587472075&s=pantry&sprefix=groce%2Cpantry%2C275&sr=8-107&srs=9574332031,Ariel Matic Top Load Detergent Washing Powder - 2 kg,472,,,,,,
https://m.media-amazon.com/images/I/61IMKtHxL5L._AC_UL320_ML3_.jpg,https://www.amazon.in/Kohinoor-Royale-Authentic-Biryani-Basmati/dp/B01MS9HLAK/ref=sr_1_108?crid=TF74J8XYCT71&dchild=1&fpw=pantry&keywords=groceries+all+items+price&qid=1587472075&s=pantry&sprefix=groce%2Cpantry%2C275&sr=8-108&srs=9574332031,"Kohinoor Royale Authentic Biryani Basmati Rice, 5 Kg",579,,,,,,
https://m.media-amazon.com/images/I/61Yf5n05OEL._AC_UL320_ML3_.jpg,https://www.amazon.in/Surf-Excel-Matic-Detergent-Powder/dp/B07FF1ZYWP/ref=sr_1_109?crid=TF74J8XYCT71&dchild=1&fpw=pantry&keywords=groceries+all+items+price&qid=1587472075&s=pantry&sprefix=groce%2Cpantry%2C275&sr=8-109&srs=9574332031,Surf Excel Matic Front Load Detergent Powder - 4 kg with Free 2 kg,"1,099",,,,,,
https://m.media-amazon.com/images/I/81XyHmkR+GL._AC_UL320_ML3_.jpg,https://www.amazon.in/Ariel-Matic-Detergent-Washing-Powder/dp/B07BHX58FZ/ref=sr_1_110?crid=TF74J8XYCT71&dchild=1&fpw=pantry&keywords=groceries+all+items+price&qid=1587472075&s=pantry&sprefix=groce%2Cpantry%2C275&sr=8-110&srs=9574332031,Ariel Matic Front Load Detergent Washing Powder - 3 kg (Rupees 150 Off),694,,,,,,
