img,id,,,,,link,price
https://m.media-amazon.com/images/I/611DtwvOuxL._AC_UL320_ML3_.jpg,Comfort After Wash Morning Fresh Fabric Conditioner - 860 ml,,,,,https://www.amazon.in/Comfort-After-Morning-Fabric-Conditioner/dp/B074WCPL2R/ref=sr_1_49?dchild=1&fpw=pantry&qid=1587400093&s=pantry&sr=8-49&srs=9574332031,?194
https://m.media-amazon.com/images/I/41dkdzsL+pL._AC_UL320_ML3_.jpg,Society Leaf Tea 1Kg Pouch,,,,,https://www.amazon.in/Society-Tea-Regular-Pouch-1kg/dp/B01N3SBFZ1/ref=sr_1_50?dchild=1&fpw=pantry&qid=1587400093&s=pantry&sr=8-50&srs=9574332031,?370
https://m.media-amazon.com/images/I/7102-pdCFAL._AC_UL320_ML3_.jpg,"Kohinoor Super Value Basmati Rice, Blue, 1kg (20% extra)",,,,,https://www.amazon.in/Kohinoor-Super-Value-Basmati-1-2kg/dp/B07NQTJ91J/ref=sr_1_51?dchild=1&fpw=pantry&qid=1587400093&s=pantry&sr=8-51&srs=9574332031,?136
https://m.media-amazon.com/images/I/81mXFJddOlL._AC_UL320_ML3_.jpg,"Amazon Brand - Vedaka Popular Sugar, 1kg",,,,,https://www.amazon.in/Amazon-Brand-Vedaka-Popular-Sugar/dp/B07G4SCKR3/ref=sr_1_52?dchild=1&fpw=pantry&qid=1587400093&s=pantry&sr=8-52&srs=9574332031,?49
https://m.media-amazon.com/images/I/61VGYi4fkzL._AC_UL320_ML3_.jpg,"Kohinoor Super Silver Aged Basmati Rice,5kg",,,,,https://www.amazon.in/Kohinoor-Super-Silver-Aged-Basmati/dp/B07T3DTHWM/ref=sr_1_53?dchild=1&fpw=pantry&qid=1587400093&s=pantry&sr=8-53&srs=9574332031,?519
https://m.media-amazon.com/images/I/91NBTd9bU1L._AC_UL320_ML3_.jpg,"Kohinoor Charminar Rozana Rice, 5kg",,,,,https://www.amazon.in/Charminar-Rozana-Basmati-Rice-KG/dp/B01MR82XEF/ref=sr_1_54?dchild=1&fpw=pantry&qid=1587400093&s=pantry&sr=8-54&srs=9574332031,?349
https://m.media-amazon.com/images/I/51C8aiAuiIL._AC_UL320_ML3_.jpg,"Fortune Chakki Fresh Atta, 5kg",,,,,https://www.amazon.in/Fortune-Chakki-Fresh-Atta-5kg_BOM3/dp/B07N9CYLJP/ref=sr_1_55?dchild=1&fpw=pantry&qid=1587400093&s=pantry&sr=8-55&srs=9574332031,?177
https://m.media-amazon.com/images/I/517cejY4ZNL._AC_UL320_ML3_.jpg,"Kohinoor Mumbai Pav Bhaji Masala, 15g",,,,,https://www.amazon.in/Kohinoor-Mumbai-Pav-Bhaji-Masala/dp/B073VR8T2V/ref=sr_1_56?dchild=1&fpw=pantry&qid=1587400093&s=pantry&sr=8-56&srs=9574332031,?12
https://m.media-amazon.com/images/I/61yIdF44GYL._AC_UL320_ML3_.jpg,Colgate Toothpaste Active Salt - 300 g (Natural - Saver Pack),,,,,https://www.amazon.in/Colgate-Active-Salt-Toothpaste-200/dp/B01CJUVBNI/ref=sr_1_57?dchild=1&fpw=pantry&qid=1587400093&s=pantry&sr=8-57&srs=9574332031,?131
https://m.media-amazon.com/images/I/61PV3gN0Z+L._AC_UL320_ML3_.jpg,"Sunfeast Farmlite Oats with Chocolate, 150g",,,,,https://www.amazon.in/Sunfeast-Farmlite-Oats-Chocolate-150g/dp/B01IKD2G7S/ref=sr_1_58?dchild=1&fpw=pantry&qid=1587400093&s=pantry&sr=8-58&srs=9574332031,?50
https://m.media-amazon.com/images/I/51nBj4cqGGL._AC_UL320_ML3_.jpg,"Kohinoor Hyderabadi Biryani Masala, 15g",,,,,https://www.amazon.in/Kohinoor-Hyderabadi-Biryani-Masala-15g/dp/B073VNW39V/ref=sr_1_59?dchild=1&fpw=pantry&qid=1587400093&s=pantry&sr=8-59&srs=9574332031,?12
https://m.media-amazon.com/images/I/81AdU+Vou6L._AC_UL320_ML3_.jpg,Whisper Ultra Clean 44 Pieces (XL Plus) Sanitary pads for women,,,,,https://www.amazon.in/Whisper-Ultra-Clean-Sanitary-Pieces/dp/B07R25ZNJ5/ref=sr_1_60?dchild=1&fpw=pantry&qid=1587400093&s=pantry&sr=8-60&srs=9574332031,?380
https://m.media-amazon.com/images/I/61qo9fyghFL._AC_UL320_ML3_.jpg,Pril Dish Washing Liquid - 2 L (Green),,,,,https://www.amazon.in/Pril-Dish-Washing-Liquid-Green/dp/B01CJVP6ZQ/ref=sr_1_61?dchild=1&fpw=pantry&qid=1587400093&s=pantry&sr=8-61&srs=9574332031,?393
https://m.media-amazon.com/images/I/61+-0UOpIaL._AC_UL320_ML3_.jpg,"Amazon Brand - Solimo Tomato Ketchup, 950 g",,,,,https://www.amazon.in/Solimo-Tomato-Ketchup-950-g/dp/B07N4C74YP/ref=sr_1_62?dchild=1&fpw=pantry&qid=1587400093&s=pantry&sr=8-62&srs=9574332031,?85
https://m.media-amazon.com/images/I/71kMn1j0PIL._AC_UL320_ML3_.jpg,Stayfree All Night XL Dry Max Cover Sanitary Napkins - 42 Pads (Super Saver Pack),,,,,https://www.amazon.in/Stayfree-Night-Cover-Sanitary-Napkins/dp/B07QC1ZHF9/ref=sr_1_63?dchild=1&fpw=pantry&qid=1587400093&s=pantry&sr=8-63&srs=9574332031,?401
https://m.media-amazon.com/images/I/719inMynqvL._AC_UL320_ML3_.jpg,"Dhara Groundnut Oil, 1L",,,,,https://www.amazon.in/Dhara-Groundnut-Oil-1L/dp/B074WWJNKL/ref=sr_1_64?dchild=1&fpw=pantry&qid=1587400093&s=pantry&sr=8-64&srs=9574332031,?173
https://m.media-amazon.com/images/I/81vIBhSdjbL._AC_UL320_ML3_.jpg,"Amazon Brand - Vedaka Sooji, 500g",,,,,https://www.amazon.in/Amazon-Brand-Vedaka-Sooji-500g/dp/B07HT9CW8K/ref=sr_1_65?dchild=1&fpw=pantry&qid=1587400093&s=pantry&sr=8-65&srs=9574332031,?34
https://m.media-amazon.com/images/I/81zJ0jYFYZL._AC_UL320_ML3_.jpg,Amazon Brand - Vedaka Fox Nuts (Phool Makhana) 100g,,,,,https://www.amazon.in/Amazon-Brand-Vedaka-Foxnuts-100g/dp/B07N9KCRWC/ref=sr_1_66?dchild=1&fpw=pantry&qid=1587400093&s=pantry&sr=8-66&srs=9574332031,?120
https://m.media-amazon.com/images/I/619D1DF2W4L._AC_UL320_ML3_.jpg,"Del Monte Penne Rigate Pasta (Imported), 500g",,,,,https://www.amazon.in/Del-Monte-Penne-Rigate-Pasta/dp/B082D5NYLG/ref=sr_1_67?dchild=1&fpw=pantry&qid=1587400093&s=pantry&sr=8-67&srs=9574332031,?145
https://m.media-amazon.com/images/I/715iEu9nisL._AC_UL320_ML3_.jpg,Mr. White Powder - 3KG+1KG FREE (4KG),,,,,,
https://m.media-amazon.com/images/I/61vrfrSYqmL._AC_UL320_ML3_.jpg,"Godrej Protekt Masterchef’s Germ Protection Liquid Handwash Refill, 1500ml",,,,,https://www.amazon.in/Godrej-Protekt-Masterchefs-Handwash-Refill/dp/B07MJBQ2Q6/ref=sr_1_69?dchild=1&fpw=pantry&qid=1587400093&s=pantry&sr=8-69&srs=9574332031,?202
https://m.media-amazon.com/images/I/71ULYfF33oL._AC_UL320_ML3_.jpg,Ariel Matic Liquid Detergent 1 Litre,,,,,https://www.amazon.in/Ariel-Matic-Liquid-Detergent-Litre/dp/B07JBZSZMB/ref=sr_1_70?dchild=1&fpw=pantry&qid=1587400093&s=pantry&sr=8-70&srs=9574332031,?224
https://m.media-amazon.com/images/I/61BMOiuttYL._AC_UL320_ML3_.jpg,"Britannia Vita Marie Gold, 300g",,,,,https://www.amazon.in/Britannia-Vita-Marie-Gold-300g/dp/B01CHURGJS/ref=sr_1_71?dchild=1&fpw=pantry&qid=1587400093&s=pantry&sr=8-71&srs=9574332031,?40
https://m.media-amazon.com/images/I/717jBWnfe+L._AC_UL320_ML3_.jpg,"24 Mantra Organic Sonamasuri Brown Rice, 1kg",,,,,https://www.amazon.in/24-Mantra-Organic-Sonamasuri-Brown/dp/B01CHVDTLG/ref=sr_1_72?dchild=1&fpw=pantry&qid=1587400093&s=pantry&sr=8-72&srs=9574332031,?93
https://m.media-amazon.com/images/I/61y6l-ZmwpL._AC_UL320_ML3_.jpg,"Comfort After Wash Fabric Conditioner Pouch, 2L",,,,,https://www.amazon.in/Comfort-After-Fabric-Conditioner-Pouch/dp/B07MTG21FJ/ref=sr_1_73?dchild=1&fpw=pantry&qid=1587400093&s=pantry&sr=8-73&srs=9574332031,?385
https://m.media-amazon.com/images/I/51DWzXwl4JL._AC_UL320_ML3_.jpg,"Kohinoor Jammu Rajma Masala, 15g",,,,,https://www.amazon.in/Kohinoor-Jammu-Rajma-Masala-15g/dp/B073VQ7H9V/ref=sr_1_74?dchild=1&fpw=pantry&qid=1587400093&s=pantry&sr=8-74&srs=9574332031,?12
https://m.media-amazon.com/images/I/61qwkLVRj1L._AC_UL320_ML3_.jpg,Surf Excel Matic Top Load Liquid Detergent - 1.02L,,,,,https://www.amazon.in/Surf-Excel-Matic-Liquid-Detergent/dp/B072N7KSGZ/ref=sr_1_75?dchild=1&fpw=pantry&qid=1587400093&s=pantry&sr=8-75&srs=9574332031,?188
https://m.media-amazon.com/images/I/51T3wyGcJSL._AC_UL320_ML3_.jpg,"Harpic Platinum Active-Shield Toilet Cleaner, Lavender - 500ml",,,,,https://www.amazon.in/Harpic-Platinum-Active-Shield-Cleaner-Lavender/dp/B07SD16MHD/ref=sr_1_76?dchild=1&fpw=pantry&qid=1587400093&s=pantry&sr=8-76&srs=9574332031,?94
https://m.media-amazon.com/images/I/91q3RkzwdQL._AC_UL320_ML3_.jpg,"Amazon Brand - Vedaka SOYA Chunks, 500g",,,,,https://www.amazon.in/Amazon-Brand-Vedaka-SOYA-Chunks/dp/B07L14XLGD/ref=sr_1_77?dchild=1&fpw=pantry&qid=1587400093&s=pantry&sr=8-77&srs=9574332031,?58
https://m.media-amazon.com/images/I/61pY++N4XFL._AC_UL320_ML3_.jpg,"Lizol Disinfectant Floor Cleaner Floral, 2 L",,,,,https://www.amazon.in/Lizol-Disinfectant-Surface-Cleaner-Floral/dp/B01H4UNMJY/ref=sr_1_78?dchild=1&fpw=pantry&qid=1587400093&s=pantry&sr=8-78&srs=9574332031,?361
https://m.media-amazon.com/images/I/61imKatVPHL._AC_UL320_ML3_.jpg,Lizol Trigger Power Kitchen Cleaner - 450 ml,,,,,https://www.amazon.in/Lizol-Power-Kitchen-Cleaner-Trigger/dp/B07DGHSLBF/ref=sr_1_79?dchild=1&fpw=pantry&qid=1587400093&s=pantry&sr=8-79&srs=9574332031,?129
https://m.media-amazon.com/images/I/612I+j9JdFL._AC_UL320_ML3_.jpg,"Lizol Disinfectant Surface Cleaner, Citrus - 5 L",,,,,https://www.amazon.in/Lizol-Disinfectant-Surface-Cleaner-Citrus/dp/B07DGMB44D/ref=sr_1_80?dchild=1&fpw=pantry&qid=1587400093&s=pantry&sr=8-80&srs=9574332031,?769
https://m.media-amazon.com/images/I/61ZyD230fBL._AC_UL320_ML3_.jpg,Pril Kraft Dish Washing Liquid - 750 ml,,,,,https://www.amazon.in/Pril-Kraft-Dish-Washing-Liquid/dp/B01CJVP12E/ref=sr_1_81?dchild=1&fpw=pantry&qid=1587400093&s=pantry&sr=8-81&srs=9574332031,?155
https://m.media-amazon.com/images/I/61umX81KauL._AC_UL320_ML3_.jpg,Harpic Flushmatic Twin In-Cistern Toilet Cleaner (Aquamarine) - 100 g,,,,,https://www.amazon.in/Harpic-Flushmatic-Twin-Aquamarine-100/dp/B01H4UKTCW/ref=sr_1_82?dchild=1&fpw=pantry&qid=1587400093&s=pantry&sr=8-82&srs=9574332031,?117
https://m.media-amazon.com/images/I/71S9YDkr8QL._AC_UL320_ML3_.jpg,"NESCAFÉ Sunrise Instant Coffee - Chicory Mixture, 50g Pouch",,,,,https://www.amazon.in/Nescafe-Sunrise-Premium-Sachet-50g/dp/B01GCFAIX0/ref=sr_1_83?dchild=1&fpw=pantry&qid=1587400093&s=pantry&sr=8-83&srs=9574332031,?90
https://m.media-amazon.com/images/I/61V0tMofoCL._AC_UL320_ML3_.jpg,Comfort After Wash Anti Bacterial Fabric Conditioner - 860 ml,,,,,https://www.amazon.in/Comfort-After-Bacterial-Fabric-Conditioner/dp/B074WC7DC6/ref=sr_1_84?dchild=1&fpw=pantry&qid=1587400093&s=pantry&sr=8-84&srs=9574332031,?199
https://m.media-amazon.com/images/I/71aXjSBtFgL._AC_UL320_ML3_.jpg,"India Gate Basmati Rice Bag, Super, 5kg",,,,,https://www.amazon.in/India-Gate-Basmati-Rice-Super/dp/B07CFQYZ9J/ref=sr_1_85?dchild=1&fpw=pantry&qid=1587400093&s=pantry&sr=8-85&srs=9574332031,?652
https://m.media-amazon.com/images/I/71DlengCbTL._AC_UL320_ML3_.jpg,"Saffola Tasty, Pro Fitness Conscious Edible Oil, Pouch, 1 L",,,,,https://www.amazon.in/Saffola-Tasty-Fitness-Conscious-Edible/dp/B06ZYSCSJ1/ref=sr_1_86?dchild=1&fpw=pantry&qid=1587400093&s=pantry&sr=8-86&srs=9574332031,?120
https://m.media-amazon.com/images/I/71S-pAaf6GL._AC_UL320_ML3_.jpg,"Godrej aer Pocket, Bathroom Air Fragrance - Assorted Pack of 5 (5x10g)",,,,,https://www.amazon.in/Godrej-Pocket-Bathroom-Fragrance-Assorted/dp/B07GJRP6X4/ref=sr_1_87?dchild=1&fpw=pantry&qid=1587400093&s=pantry&sr=8-87&srs=9574332031,?244
https://m.media-amazon.com/images/I/61nBoAnPSEL._AC_UL320_ML3_.jpg,Parachute Coconut Oil - 1 L Pet Jar,,,,,https://www.amazon.in/Parachute-Coconut-Oil-litre-Pet/dp/B01CGFFKDS/ref=sr_1_88?dchild=1&fpw=pantry&qid=1587400093&s=pantry&sr=8-88&srs=9574332031,?380
https://m.media-amazon.com/images/I/71s-4vlfQgL._AC_UL320_ML3_.jpg,"Daawat Brown Basmati Rice, 5kg",,,,,https://www.amazon.in/Daawat-Brown-Basmati-Rice-5kg/dp/B01H5MC7X8/ref=sr_1_89?dchild=1&fpw=pantry&qid=1587400093&s=pantry&sr=8-89&srs=9574332031,?634
https://m.media-amazon.com/images/I/51ocqv3ZYWL._AC_UL320_ML3_.jpg,Palmolive Bodywash Aroma Absolute Relax Shower Gel - 750 ml,,,,,https://www.amazon.in/Palmolive-Aroma-Therapy-Absolute-Shower/dp/B06XVSX7NV/ref=sr_1_90?dchild=1&fpw=pantry&qid=1587400093&s=pantry&sr=8-90&srs=9574332031,?359
https://m.media-amazon.com/images/I/61jMeN1BmwL._AC_UL320_ML3_.jpg,"Domex Fresh Guard Ocean Fresh Disinfectant Toilet Cleaner, 750 ml",,,,,https://www.amazon.in/Domex-Ocean-Fresh-Toilet-Cleaner/dp/B07BF24JV6/ref=sr_1_91?dchild=1&fpw=pantry&qid=1587400093&s=pantry&sr=8-91&srs=9574332031,?90
https://m.media-amazon.com/images/I/516L7l3+ltL._AC_UL320_ML3_.jpg,"Fortune Chakki Fresh Atta, 10kg",,,,,https://www.amazon.in/Fortune-Chakki-Fresh-Atta-10kg_BOM3/dp/B07N9BQ6WN/ref=sr_1_92?dchild=1&fpw=pantry&qid=1587400093&s=pantry&sr=8-92&srs=9574332031,?333
https://m.media-amazon.com/images/I/61GpTTMi6rL._AC_UL320_ML3_.jpg,"Parachute Coconut Oil, 600ml Bottle",,,,,https://www.amazon.in/Parachute-Coconut-Oil-Bottle-600ml/dp/B071FB2ZVT/ref=sr_1_93?dchild=1&fpw=pantry&qid=1587400093&s=pantry&sr=8-93&srs=9574332031,?250
https://m.media-amazon.com/images/I/51qPPZqXTyL._AC_UL320_ML3_.jpg,"Dabur Hajmola Tablet, Anardana, 120 Tablets",,,,,https://www.amazon.in/Dabur-Hajmola-120-Tablet-Anardana/dp/B01CJUZPSU/ref=sr_1_94?dchild=1&fpw=pantry&qid=1587400093&s=pantry&sr=8-94&srs=9574332031,?34
https://m.media-amazon.com/images/I/51w4rX8-zZL._AC_UL320_ML3_.jpg,"Dove Hair fall Rescue Shampoo, 1 ltr",,,,,https://www.amazon.in/Dove-Hair-fall-Rescue-Shampoo/dp/B082Y7WWH1/ref=sr_1_95?dchild=1&fpw=pantry&qid=1587400093&s=pantry&sr=8-95&srs=9574332031,?555
https://m.media-amazon.com/images/I/91z9jjsgx9L._AC_UL320_ML3_.jpg,"Amazon Brand - Vedaka Cardamom (Elaichi), 100g",,,,,https://www.amazon.in/Amazon-Brand-Vedaka-Cardamom-Elaichi/dp/B07C6HRKWS/ref=sr_1_96?dchild=1&fpw=pantry&qid=1587400093&s=pantry&sr=8-96&srs=9574332031,?550
https://m.media-amazon.com/images/I/71bI1bI+vHL._AC_UL320_ML3_.jpg,"Ariel Matic Liquid Detergent, 1.5L",,,,,https://www.amazon.in/Ariel-Matic-Liquid-Detergent-1-5L/dp/B07YSXGQ35/ref=sr_1_97?dchild=1&fpw=pantry&qid=1587400134&s=pantry&sr=8-97&srs=9574332031,?294
https://m.media-amazon.com/images/I/71sElBLQrwL._AC_UL320_ML3_.jpg,Gillette Simply Venus Hair Removal for Women - 5 razors,,,,,https://www.amazon.in/Gillette-Simply-Venus-Removal-Women/dp/B07R3J3DJQ/ref=sr_1_98?dchild=1&fpw=pantry&qid=1587400134&s=pantry&sr=8-98&srs=9574332031,?274
https://m.media-amazon.com/images/I/71BuWLr9u2L._AC_UL320_ML3_.jpg,"24 Mantra Organic Masoor Dal, 500g",,,,,https://www.amazon.in/24-Mantra-Organic-Masoor-500g/dp/B01CHUY4Q6/ref=sr_1_99?dchild=1&fpw=pantry&qid=1587400134&s=pantry&sr=8-99&srs=9574332031,?84
https://m.media-amazon.com/images/I/71zxnjG4zcL._AC_UL320_ML3_.jpg,Kabuli Chana Economy 1Kg,,,,,https://www.amazon.in/Ajit-Singh-Parkash-Private-Limited/dp/B0851T6VQ3/ref=sr_1_100?dchild=1&fpw=pantry&qid=1587400134&s=pantry&sr=8-100&srs=9574332031,?80
https://m.media-amazon.com/images/I/51y0vY5ZyCL._AC_UL320_ML3_.jpg,"Harpic Bathroom Cleaner, Floral - 1 L",,,,,https://www.amazon.in/Harpic-Bathroom-Cleaner-Floral/dp/B07WLFQJGT/ref=sr_1_101?dchild=1&fpw=pantry&qid=1587400134&s=pantry&sr=8-101&srs=9574332031,?163
https://m.media-amazon.com/images/I/51HZ1hEdc1L._AC_UL320_ML3_.jpg,"Fortune Vivo Pro Sugar Conscious Edible Oil, Jar, 5 L",,,,,https://www.amazon.in/Fortune-Vivo-Oil-5L-Jar/dp/B01H5L6BK4/ref=sr_1_102?dchild=1&fpw=pantry&qid=1587400134&s=pantry&sr=8-102&srs=9574332031,?666
https://m.media-amazon.com/images/I/91ny3k748aL._AC_UL320_ML3_.jpg,"Amazon Brand - Vedaka Premium Black Raisins, 100g",,,,,https://www.amazon.in/Amazon-Brand-Vedaka-Premium-Raisins/dp/B07GRCMFC9/ref=sr_1_103?dchild=1&fpw=pantry&qid=1587400134&s=pantry&sr=8-103&srs=9574332031,?88
https://m.media-amazon.com/images/I/91YDR8UWEZL._AC_UL320_ML3_.jpg,"Amazon Brand - Vedaka Premium Sunflower Seeds, 100g",,,,,https://www.amazon.in/Vedaka-Premium-Sunflower-Seeds-100g/dp/B07GRBDSMS/ref=sr_1_104?dchild=1&fpw=pantry&qid=1587400134&s=pantry&sr=8-104&srs=9574332031,?75
https://m.media-amazon.com/images/I/71fIsa4qnpL._AC_UL320_ML3_.jpg,"Kellogg's Corn Flakes Real Almond and Honey, 1kg",,,,,,
https://m.media-amazon.com/images/I/5127zXmxugL._AC_UL320_ML3_.jpg,"Kohinoor Punjabi Butter Chicken Masala, 15g",,,,,https://www.amazon.in/Kohinoor-Punjabi-Butter-Chicken-Masala/dp/B073VQBG6Z/ref=sr_1_106?dchild=1&fpw=pantry&qid=1587400134&s=pantry&sr=8-106&srs=9574332031,?12
https://m.media-amazon.com/images/I/81uiz7xSdiL._AC_UL320_ML3_.jpg,"Aashirvaad Select Superior Sharbati Atta, 5kg",,,,,https://www.amazon.in/Aashirvaad-Select-Superior-Sharbati-Atta/dp/B0744LGRYJ/ref=sr_1_107?dchild=1&fpw=pantry&qid=1587400134&s=pantry&sr=8-107&srs=9574332031,?282
https://m.media-amazon.com/images/I/81swT4w3aVL._AC_UL320_ML3_.jpg,"DiSano Oats, High in Protein & Fibre, 40g",,,,,https://www.amazon.in/DiSano-Oats-High-Protein-Fibre/dp/B083PGLGK8/ref=sr_1_108?dchild=1&fpw=pantry&qid=1587400134&s=pantry&sr=8-108&srs=9574332031,?10
https://m.media-amazon.com/images/I/41nSQQZ2MNL._AC_UL320_ML3_.jpg,"Santoor Sandal & Turmeric Soap for Total Skin Care, 150g (Pack of 4)",,,,,https://www.amazon.in/Santoor-Sandal-Turmeric-Soap-150g/dp/B01H7BUGWQ/ref=sr_1_109?dchild=1&fpw=pantry&qid=1587400134&s=pantry&sr=8-109&srs=9574332031,?154.80
https://m.media-amazon.com/images/I/51WBHqwx0TL._AC_UL320_ML3_.jpg,"Fair & Lovely Advanced Multi Vitamin Cream, 110 g",,,,,https://www.amazon.in/Fair-Lovely-Advanced-Multi-Vitamin/dp/B01CGEPVYW/ref=sr_1_110?dchild=1&fpw=pantry&qid=1587400134&s=pantry&sr=8-110&srs=9574332031,?97
https://m.media-amazon.com/images/I/51KqDx65-2L._AC_UL320_ML3_.jpg,Dove Deeply Nourishing Body Wash 800 ml,,,,,https://www.amazon.in/Dove-Deeply-Nourishing-Body-Wash/dp/B07SJT27XR/ref=sr_1_111?dchild=1&fpw=pantry&qid=1587400134&s=pantry&sr=8-111&srs=9574332031,?348
https://m.media-amazon.com/images/I/51WgEGeAjYL._AC_UL320_ML3_.jpg,"Gemini Refined Rice Bran Oil Bottle, 1L",,,,,https://www.amazon.in/Gemini-Refined-Rice-Bran-Bottle/dp/B07DX233MQ/ref=sr_1_112?dchild=1&fpw=pantry&qid=1587400134&s=pantry&sr=8-112&srs=9574332031,?120
https://m.media-amazon.com/images/I/51nDqDUzzML._AC_UL320_ML3_.jpg,"Clinic Plus Strong and Long Health Shampoo, 650ml",,,,,https://www.amazon.in/Clinic-Plus-Strong-Health-Shampoo/dp/B01CGEV23Q/ref=sr_1_113?dchild=1&fpw=pantry&qid=1587400134&s=pantry&sr=8-113&srs=9574332031,?324
https://m.media-amazon.com/images/I/71C0bEGPWLL._AC_UL320_ML3_.jpg,Duracell Alkaline AA Battery with Duralock Technology - 8 Pieces,,,,,https://www.amazon.in/Duracell-Alkaline-Battery-Duralock-Technology/dp/B01CJVPQ24/ref=sr_1_114?dchild=1&fpw=pantry&qid=1587400134&s=pantry&sr=8-114&srs=9574332031,?293
https://m.media-amazon.com/images/I/51pm7y1wVZL._AC_UL320_ML3_.jpg,"Santoor Sandal & Almond Milk Soap, 125g (Buy 4 Get 1 Free) for Moisturised Soft Skin",,,,,https://www.amazon.in/Santoor-Sandal-Almond-Milk-Soap/dp/B01MS8C31P/ref=sr_1_115?dchild=1&fpw=pantry&qid=1587400134&s=pantry&sr=8-115&srs=9574332031,?118
https://m.media-amazon.com/images/I/61QgiAR7uIL._AC_UL320_ML3_.jpg,"Himalaya Herbals Purifying Neem Face Wash, 300ml",,,,,https://www.amazon.in/Himalaya-Herbals-Purifying-Neem-300ml/dp/B01MU8TS7F/ref=sr_1_116?dchild=1&fpw=pantry&qid=1587400134&s=pantry&sr=8-116&srs=9574332031,?226
https://m.media-amazon.com/images/I/61wj2m0LN+L._AC_UL320_ML3_.jpg,"Sunsilk Nourishing Soft and Smooth Conditioner, 180ml",,,,,https://www.amazon.in/Sunsilk-Nourishing-Smooth-Conditioner-180ml/dp/B01M3REYQE/ref=sr_1_117?dchild=1&fpw=pantry&qid=1587400134&s=pantry&sr=8-117&srs=9574332031,?126
https://m.media-amazon.com/images/I/71hBkMp+tjL._AC_UL320_ML3_.jpg,"B Natural Guava Juice, 1L (Pack of 2)",,,,,https://www.amazon.in/Natural-Guava-Juice-1l-Pack/dp/B07MJ6MP6W/ref=sr_1_118?dchild=1&fpw=pantry&qid=1587400134&s=pantry&sr=8-118&srs=9574332031,?158
https://m.media-amazon.com/images/I/A1novFlMUGL._AC_UL320_ML3_.jpg,"Amazon Brand - Vedaka Premium Raw Chia Seeds, 100g",,,,,https://www.amazon.in/Vedaka-Premium-Chia-Seeds-100g/dp/B07GR9VYWS/ref=sr_1_119?dchild=1&fpw=pantry&qid=1587400134&s=pantry&sr=8-119&srs=9574332031,?99
https://m.media-amazon.com/images/I/81+j9UEzJsL._AC_UL320_ML3_.jpg,"Amazon Brand - Vedaka Black Sesame (Til), 100g",,,,,https://www.amazon.in/Amazon-Brand-Vedaka-Black-Sesame/dp/B07C6HRKX2/ref=sr_1_120?dchild=1&fpw=pantry&qid=1587400134&s=pantry&sr=8-120&srs=9574332031,?30
https://m.media-amazon.com/images/I/71+eS6LxnaL._AC_UL320_ML3_.jpg,"Domex Toilet Cleaner Active Green Formula (Kills Germs), 1 L (Super Saver Pack)",,,,,https://www.amazon.in/Domex-Original-Toilet-Cleaner-Expert/dp/B01CJUIO4W/ref=sr_1_121?dchild=1&fpw=pantry&qid=1587400134&s=pantry&sr=8-121&srs=9574332031,?143
https://m.media-amazon.com/images/I/51tasLnCBUL._AC_UL320_ML3_.jpg,"Kohinoor Dilli Choley Masala, 15g",,,,,https://www.amazon.in/Kohinoor-Dilli-Choley-Masala-15g/dp/B073VR2T15/ref=sr_1_122?dchild=1&fpw=pantry&qid=1587400134&s=pantry&sr=8-122&srs=9574332031,?12
https://m.media-amazon.com/images/I/91m+Tv+eDlL._AC_UL320_ML3_.jpg,"Vedaka Premium Pumpkin Seeds, 500g",,,,,https://www.amazon.in/Vedaka-Premium-Pumpkin-Seeds-500g/dp/B07GR69YCV/ref=sr_1_123?dchild=1&fpw=pantry&qid=1587400134&s=pantry&sr=8-123&srs=9574332031,?425
https://m.media-amazon.com/images/I/81v37rha2FL._AC_UL320_ML3_.jpg,"Nestle CEREGROW Growing Up Multigrain Cereal with Milk and Fruits (From 2-5 Years), 300g Bag-In-Box Pack",,,,,https://www.amazon.in/Nestle-Ceregrow-300-g/dp/B01N0AKFPT/ref=sr_1_124?dchild=1&fpw=pantry&qid=1587400134&s=pantry&sr=8-124&srs=9574332031,?242
https://m.media-amazon.com/images/I/81SZ+B1lbpL._AC_UL320_ML3_.jpg,"India Gate Basmati Rice Pouch, Classic, 1kg",,,,,https://www.amazon.in/India-Gate-Basmati-Rice-Classic/dp/B07CFR8Q4M/ref=sr_1_125?dchild=1&fpw=pantry&qid=1587400134&s=pantry&sr=8-125&srs=9574332031,?179
https://m.media-amazon.com/images/I/81gDRxHSFcL._AC_UL320_ML3_.jpg,"Amazon Brand - Vedaka Premium Kabuli Chana / Chhole, 1 kg",,,,,https://www.amazon.in/Amazon-Brand-Vedaka-Premium-Kabuli/dp/B079NR7HXW/ref=sr_1_126?dchild=1&fpw=pantry&qid=1587400134&s=pantry&sr=8-126&srs=9574332031,?125
https://m.media-amazon.com/images/I/61NWAh5XvbL._AC_UL320_ML3_.jpg,Supples Regular Baby Pants Large Size Diapers (62 Count),,,,,https://www.amazon.in/Supples-Regular-Pants-Large-Diapers/dp/B07Q6M3KTB/ref=sr_1_127?dchild=1&fpw=pantry&qid=1587400134&s=pantry&sr=8-127&srs=9574332031,?565
https://m.media-amazon.com/images/I/71Spb3a7cUL._AC_UL320_ML3_.jpg,Whisper Maxi Fit Sanitary Pads,,,,,https://www.amazon.in/Whisper-Maxi-Fit-Regular-Pads/dp/B01CJW9PWK/ref=sr_1_128?dchild=1&fpw=pantry&qid=1587400134&s=pantry&sr=8-128&srs=9574332031,?141
https://m.media-amazon.com/images/I/71Vs4ZZcSIL._AC_UL320_ML3_.jpg,"Sugarlite : 50% Less calories Sugar Pouch, 100 gm",,,,,https://www.amazon.in/Sugarlite-Smart-Sugar-100g/dp/B07PPTHR56/ref=sr_1_129?dchild=1&fpw=pantry&qid=1587400134&s=pantry&sr=8-129&srs=9574332031,?29
https://m.media-amazon.com/images/I/61KzAukId-L._AC_UL320_ML3_.jpg,"Del Monte Spaghetti Pasta (Imported), 500g",,,,,https://www.amazon.in/Del-Monte-Spaghetti-Pasta-500g/dp/B082D4M7BD/ref=sr_1_130?dchild=1&fpw=pantry&qid=1587400134&s=pantry&sr=8-130&srs=9574332031,?145
https://m.media-amazon.com/images/I/71V4HXXHiBL._AC_UL320_ML3_.jpg,"Disano Extra Light Olive Oil, 2L",,,,,https://www.amazon.in/Disano-Extra-Light-Olive-Oil/dp/B07DVWLSYL/ref=sr_1_131?dchild=1&fpw=pantry&qid=1587400134&s=pantry&sr=8-131&srs=9574332031,?895
https://m.media-amazon.com/images/I/41-8khOYj3L._AC_UL320_ML3_.jpg,Odomos Non-Sticky Mosquito Repellent Cream (With Vitamin E & Almond) - 100g,,,,,https://www.amazon.in/Odomos-Mosquito-Repellent-Cream-100/dp/B01GTEAD6G/ref=sr_1_132?dchild=1&fpw=pantry&qid=1587400134&s=pantry&sr=8-132&srs=9574332031,?83.60
https://m.media-amazon.com/images/I/51JU-ysCBAL._AC_UL320_ML3_.jpg,Ujala Supreme - 250 ml,,,,,https://www.amazon.in/Ujala-Supreme-250-ml/dp/B01CJW0N30/ref=sr_1_133?dchild=1&fpw=pantry&qid=1587400134&s=pantry&sr=8-133&srs=9574332031,?64
https://m.media-amazon.com/images/I/615Y1bkQZnL._AC_UL320_ML3_.jpg,Sanifresh Ultrashine Toilet Cleaner -1.5X Extra Strong Extra Clean -500 ML( Buy 2 Get 1 free),,,,,https://www.amazon.in/Sanifresh-Ultrashine-Toilet-Cleaner-500ml/dp/B07JGV83TD/ref=sr_1_134?dchild=1&fpw=pantry&qid=1587400134&s=pantry&sr=8-134&srs=9574332031,?155.80
https://m.media-amazon.com/images/I/51x6QZ8T5CL._AC_UL320_ML3_.jpg,"Amazon Brand Vedaka Green Tea, Natural, 100 Bags",,,,,https://www.amazon.in/Amazon-Brand-Vedaka-Green-Natural/dp/B07KJ2KK4C/ref=sr_1_135?dchild=1&fpw=pantry&qid=1587400134&s=pantry&sr=8-135&srs=9574332031,?229
https://m.media-amazon.com/images/I/61RT8k4stPL._AC_UL320_ML3_.jpg,"Safewash Liquid Detergent by Wipro, 1kg (Buy 1 Get 1 Free)",,,,,https://www.amazon.in/Safewash-Liquid-Detergent-Buy-Free/dp/B01CJWAB9G/ref=sr_1_136?dchild=1&fpw=pantry&qid=1587400134&s=pantry&sr=8-136&srs=9574332031,?280
https://m.media-amazon.com/images/I/5136QH0HmsL._AC_UL320_ML3_.jpg,"Del Monte Extra Virgin Olive Oil PET, 500ml",,,,,https://www.amazon.in/Del-Monte-Extra-Virgin-Olive/dp/B082D58XNM/ref=sr_1_137?dchild=1&fpw=pantry&qid=1587400134&s=pantry&sr=8-137&srs=9574332031,?365
https://m.media-amazon.com/images/I/51iCdhrjXML._AC_UL320_ML3_.jpg,"Harpic Platinum Active-Shield Toilet Cleaner, Marine - 500ml",,,,,https://www.amazon.in/Harpic-Platinum-Active-Shield-Toilet-Cleaner/dp/B07S8Q6J8Q/ref=sr_1_138?dchild=1&fpw=pantry&qid=1587400134&s=pantry&sr=8-138&srs=9574332031,?94
https://m.media-amazon.com/images/I/51ZLR3-CeRL._AC_UL320_ML3_.jpg,Comfort After Wash Pure Fabric Conditioner for Baby - 860 ml,,,,,https://www.amazon.in/Comfort-After-Wash-Fabric-Conditioner/dp/B07BHX224S/ref=sr_1_139?dchild=1&fpw=pantry&qid=1587400134&s=pantry&sr=8-139&srs=9574332031,?228
https://m.media-amazon.com/images/I/81NTSvJLDgL._AC_UL320_ML3_.jpg,Godrej Ezee Liquid Detergent - 1kg,,,,,https://www.amazon.in/Godrej-Ezee-Liquid-Detergent-1kg/dp/B01CJUB53E/ref=sr_1_140?dchild=1&fpw=pantry&qid=1587400134&s=pantry&sr=8-140&srs=9574332031,?157
https://m.media-amazon.com/images/I/61Uc87GMGKL._AC_UL320_ML3_.jpg,"Rexona Coconut and Olive Oil Soap, 100g (Pack of 4)",,,,,https://www.amazon.in/Rexona-Coconut-Olive-Soap-100g/dp/B07DPSGBLR/ref=sr_1_141?dchild=1&fpw=pantry&qid=1587400134&s=pantry&sr=8-141&srs=9574332031,?83
https://m.media-amazon.com/images/I/81MXqtxAUFL._AC_UL320_ML3_.jpg,"Dhara Rice Bran Oil, 1L Pouch",,,,,https://www.amazon.in/Dhara-Rice-Bran-Oil-Pouch/dp/B074WWT9D1/ref=sr_1_142?dchild=1&fpw=pantry&qid=1587400134&s=pantry&sr=8-142&srs=9574332031,?117
https://m.media-amazon.com/images/I/51YuG4Hg3NL._AC_UL320_ML3_.jpg,"Amazon Brand - Vedaka Green Tea, Lemon, 25 Tea Bags",,,,,https://www.amazon.in/Vedaka-Green-Tea-Lemon-Bags/dp/B07KJ2KK4D/ref=sr_1_143?dchild=1&fpw=pantry&qid=1587400134&s=pantry&sr=8-143&srs=9574332031,?70
https://m.media-amazon.com/images/I/61wChWuJXAL._AC_UL320_ML3_.jpg,"Saffola Tasty, Pro Fitness Conscious Edible Oil,Jar, 5 L",,,,,https://www.amazon.in/Saffola-Tasty-Fitness-Conscious-Edible/dp/B06ZXXTZ43/ref=sr_1_144?dchild=1&fpw=pantry&qid=1587400134&s=pantry&sr=8-144&srs=9574332031,?580
https://m.media-amazon.com/images/I/710A179KzgL._AC_UL320_ML3_.jpg,Exo Round Dish Shine - 700 g free with Exo Safai Scrubber worth Rs 15,,,,,https://www.amazon.in/Exo-Round-Dish-Shine-Scrubber/dp/B01GJQ90AO/ref=sr_1_145?dchild=1&fpw=pantry&qid=1587400140&s=pantry&sr=8-145&srs=9574332031,?64
https://m.media-amazon.com/images/I/81STsnS6U4L._AC_UL320_ML3_.jpg,Godrej Ezee Liquid Detergent - 500 g,,,,,https://www.amazon.in/Godrej-Ezee-Liquid-Detergent-500/dp/B01CJUB700/ref=sr_1_146?dchild=1&fpw=pantry&qid=1587400140&s=pantry&sr=8-146&srs=9574332031,?89
https://m.media-amazon.com/images/I/710yT72yleL._AC_UL320_ML3_.jpg,"Pillsbury Chakki Fresh Atta, 10kg (Mumbai)",,,,,,
https://m.media-amazon.com/images/I/61HNGJbUe7L._AC_UL320_ML3_.jpg,"Amazon Brand - Presto! Disinfectant Floor Cleaner Floral, 975 ml",,,,,https://www.amazon.in/Amazon-Brand-Presto-Disinfectant-Cleaner/dp/B072X7LJM7/ref=sr_1_148?dchild=1&fpw=pantry&qid=1587400140&s=pantry&sr=8-148&srs=9574332031,?145
https://m.media-amazon.com/images/I/71fmd0+AmML._AC_UL320_ML3_.jpg,Pampers Fresh Clean Baby Wipes (64 Count),,,,,https://www.amazon.in/Pampers-Fresh-Clean-Wipes-Count/dp/B01MR6LH1I/ref=sr_1_149?dchild=1&fpw=pantry&qid=1587400140&s=pantry&sr=8-149&srs=9574332031,?184
https://m.media-amazon.com/images/I/417VoCGPr7L._AC_UL320_ML3_.jpg,"Fortune Soya Bean Oil, Refined 5L Can",,,,,https://www.amazon.in/Fortune-Soya-Bean-Oil-Refined/dp/B01GCEW1F4/ref=sr_1_150?dchild=1&fpw=pantry&qid=1587400140&s=pantry&sr=8-150&srs=9574332031,?621
https://m.media-amazon.com/images/I/71bipEqXhyL._AC_UL320_ML3_.jpg,"Kellogg's All Bran Wheat Flakes, 425g",,,,,https://www.amazon.in/Kelloggs-Bran-Wheat-Flakes-425g/dp/B01H6Q05PA/ref=sr_1_151?dchild=1&fpw=pantry&qid=1587400140&s=pantry&sr=8-151&srs=9574332031,?202
https://m.media-amazon.com/images/I/817BSSiCo+L._AC_UL320_ML3_.jpg,"Amazon Brand - Vedaka Puffed Rice (unsalted), 200g",,,,,https://www.amazon.in/Amazon-Brand-Vedaka-Puffed-Murmura/dp/B07HTH4VBB/ref=sr_1_152?dchild=1&fpw=pantry&qid=1587400140&s=pantry&sr=8-152&srs=9574332031,?25
https://m.media-amazon.com/images/I/61hFUJ2T-dL._AC_UL320_ML3_.jpg,Pears Naturale Nourishing Coconut Water Bodywash 250 ml,,,,,https://www.amazon.in/Pears-Naturale-Nourishing-Coconut-Bodywash/dp/B07VSDC2MH/ref=sr_1_153?dchild=1&fpw=pantry&qid=1587400140&s=pantry&sr=8-153&srs=9574332031,?180
https://m.media-amazon.com/images/I/81uwLUTuA8L._AC_UL320_ML3_.jpg,"Godrej Ezee Liquid Detergent - Winterwear, Chiffon & Silks 2kgs (1 bottle + 1 refill)",,,,,https://www.amazon.in/Godrej-Ezee-Liquid-Detergent-bottle/dp/B01CJUUKNU/ref=sr_1_154?dchild=1&fpw=pantry&qid=1587400140&s=pantry&sr=8-154&srs=9574332031,?304
https://m.media-amazon.com/images/I/61fVXD-5mcL._AC_UL320_ML3_.jpg,"Godrej No.1 Bathing Soap – Lime & Aloe Vera, 150g (Pack of 9)",,,,,https://www.amazon.in/Godrej-No-1-Bathing-Soap-Lime/dp/B07QB5YZB8/ref=sr_1_155?dchild=1&fpw=pantry&qid=1587400140&s=pantry&sr=8-155&srs=9574332031,?239.20
https://m.media-amazon.com/images/I/61tlSU2WxHL._AC_UL320_ML3_.jpg,Comfort After Wash Lily Fresh Fabric Conditioner - 860 ml,,,,,https://www.amazon.in/Comfort-After-Fresh-Fabric-Conditioner/dp/B074WCYT8H/ref=sr_1_156?dchild=1&fpw=pantry&qid=1587400140&s=pantry&sr=8-156&srs=9574332031,?199
https://m.media-amazon.com/images/I/614RXzhrWHL._AC_UL320_ML3_.jpg,"Cadbury Bournvita Health Drink, 750 gm Refill Pack",,,,,,
https://m.media-amazon.com/images/I/81f-wwUH-+L._AC_UL320_ML3_.jpg,"Giffy Lemon & Active Salt Concentrated Dish Wash Gel, 1000ml",,,,,https://www.amazon.in/Giffy-Lemon-Active-Salt/dp/B077K3LBFQ/ref=sr_1_158?dchild=1&fpw=pantry&qid=1587400140&s=pantry&sr=8-158&srs=9574332031,?198
https://m.media-amazon.com/images/I/91xCvg-Ns6L._AC_UL320_ML3_.jpg,"Vedaka Premium Whole Dried Cranberries, 500g",,,,,https://www.amazon.in/Vedaka-Premium-Whole-Cranberries-500g/dp/B07GR3RTT5/ref=sr_1_159?dchild=1&fpw=pantry&qid=1587400140&s=pantry&sr=8-159&srs=9574332031,?439
https://m.media-amazon.com/images/I/61BjcAYE1YL._AC_UL320_ML3_.jpg,Himalaya gentle Baby Wipes (72Napkins of 2 packs),,,,,https://www.amazon.in/Himalaya-gentle-Baby-Wipes-packs/dp/B01GTRVBBY/ref=sr_1_160?dchild=1&fpw=pantry&qid=1587400140&s=pantry&sr=8-160&srs=9574332031,?317
https://m.media-amazon.com/images/I/61vGAICLvcL._AC_UL320_ML3_.jpg,Wipro Sweet and Healthy Sugar Substitute Sucralose Tablets - 300 Tablets with Free 300 Tablets,,,,,https://www.amazon.in/Wipro-Healthy-Substitute-Sucralose-Tablets/dp/B01MS8QECM/ref=sr_1_161?dchild=1&fpw=pantry&qid=1587400140&s=pantry&sr=8-161&srs=9574332031,?143
https://m.media-amazon.com/images/I/615rGafpZNL._AC_UL320_ML3_.jpg,Harpic Flushmatic Twin In-Cistern Toilet Cleaner (Pine) - 100 g,,,,,https://www.amazon.in/Harpic-Flushmatic-Twin-Pine-100/dp/B01H4UJ036/ref=sr_1_162?dchild=1&fpw=pantry&qid=1587400140&s=pantry&sr=8-162&srs=9574332031,?126
https://m.media-amazon.com/images/I/51ayTRLgCaL._AC_UL320_ML3_.jpg,"Fortune Vivo Pro Sugar Conscious Edible Oil, Pouch, 1 L",,,,,https://www.amazon.in/Fortune-Vivo-Diabetes-Care-Pouch/dp/B01H5L6D8E/ref=sr_1_163?dchild=1&fpw=pantry&qid=1587400140&s=pantry&sr=8-163&srs=9574332031,?141
https://m.media-amazon.com/images/I/91BKcNpNRcL._AC_UL320_ML3_.jpg,"Amazon Brand - Vedaka SOYA Mini Chunks, 500g",,,,,https://www.amazon.in/Amazon-Brand-Vedaka-SOYA-Chunks/dp/B07L13FBK2/ref=sr_1_164?dchild=1&fpw=pantry&qid=1587400140&s=pantry&sr=8-164&srs=9574332031,?60
https://m.media-amazon.com/images/I/61SiPdhd3xL._AC_UL320_ML3_.jpg,"Kohinoor Punjabi Paneer Butter Masala, 15g",,,,,https://www.amazon.in/Kohinoor-Punjabi-Paneer-Butter-Masala/dp/B073VQ7KHG/ref=sr_1_165?dchild=1&fpw=pantry&qid=1587400140&s=pantry&sr=8-165&srs=9574332031,?12
https://m.media-amazon.com/images/I/51yVBz90YXL._AC_UL320_ML3_.jpg,"Tresemme Nourish and Replenish Shampoo, 580ml",,,,,https://www.amazon.in/Tresemme-Nourish-Replenish-Shampoo-580ml/dp/B07F7LB4T9/ref=sr_1_166?dchild=1&fpw=pantry&qid=1587400140&s=pantry&sr=8-166&srs=9574332031,?409
https://m.media-amazon.com/images/I/61-hVlrdWzL._AC_UL320_ML3_.jpg,"Cinthol Original Bath Soap, 100g (Pack of 8)",,,,,https://www.amazon.in/Cinthol-Original-Soap-100g-Pack/dp/B07MZ6993L/ref=sr_1_167?dchild=1&fpw=pantry&qid=1587400140&s=pantry&sr=8-167&srs=9574332031,?259
https://m.media-amazon.com/images/I/71FhgJ4ZSsL._AC_UL320_ML3_.jpg,"Pure & Sure Organic Castor Oil, 250ml",,,,,https://www.amazon.in/Pure-Sure-Organic-Castor-250ml/dp/B074Q335R8/ref=sr_1_168?dchild=1&fpw=pantry&qid=1587400140&s=pantry&sr=8-168&srs=9574332031,?120
https://m.media-amazon.com/images/I/91Y93hekdfL._AC_UL320_ML3_.jpg,"Amazon Brand - Vedaka Super Basmati Rice, 1 kg",,,,,https://www.amazon.in/Vedaka-Super-Basmati-Rice-1kg/dp/B07JX13LXL/ref=sr_1_169?dchild=1&fpw=pantry&qid=1587400140&s=pantry&sr=8-169&srs=9574332031,?119
https://m.media-amazon.com/images/I/810LbmUGQnL._AC_UL320_ML3_.jpg,"Sundrop Lite Oil, 5l Jar",,,,,https://www.amazon.in/Sundrop-Oil-Lite-5L-Jar/dp/B01GCGI2DC/ref=sr_1_170?dchild=1&fpw=pantry&qid=1587400140&s=pantry&sr=8-170&srs=9574332031,?598
https://m.media-amazon.com/images/I/71K185ORZRL._AC_UL320_ML3_.jpg,Chana Dal Economy 1Kg,,,,,https://www.amazon.in/Ajit-Singh-Parkash-Private-Limited/dp/B0851T2C6R/ref=sr_1_171?dchild=1&fpw=pantry&qid=1587400140&s=pantry&sr=8-171&srs=9574332031,?75
https://m.media-amazon.com/images/I/61d8ewsZ-lL._AC_UL320_ML3_.jpg,"Parachute Parachute Coconut Oil Easy Jar, 300ml",,,,,https://www.amazon.in/Parachute-Coconut-Oil-Easy-300ml/dp/B07LD9XQSP/ref=sr_1_172?dchild=1&fpw=pantry&qid=1587400140&s=pantry&sr=8-172&srs=9574332031,?133
https://m.media-amazon.com/images/I/81VcSgz6NgL._AC_UL320_ML3_.jpg,"Mapro Citrus Blue Crush, 1L",,,,,https://www.amazon.in/Mapro-Citrus-Blue-Crush-1L/dp/B01N8UBWSI/ref=sr_1_173?dchild=1&fpw=pantry&qid=1587400140&s=pantry&sr=8-173&srs=9574332031,?297
https://m.media-amazon.com/images/I/81xNRIHqCML._AC_UL320_ML3_.jpg,Zandu Pancharishta - 450 ml,,,,,,
https://m.media-amazon.com/images/I/71X1AT5EcsL._AC_UL320_ML3_.jpg,"Santoor Classic Gentle Hand Wash, 1500ml with Natural goodness of Sandalwood & Tulsi",,,,,https://www.amazon.in/Santoor-Classic-Handwash-1500ml/dp/B07RV94F52/ref=sr_1_175?dchild=1&fpw=pantry&qid=1587400140&s=pantry&sr=8-175&srs=9574332031,?198
https://m.media-amazon.com/images/I/910fkiDsQML._AC_UL320_ML3_.jpg,Godrej Ezee Liquid Detergent - 1 kg with Two Refills - 1 kg (3 kg Pack),,,,,https://www.amazon.in/Godrej-Ezee-Liquid-Detergent-Refills/dp/B01MTRRIZL/ref=sr_1_176?dchild=1&fpw=pantry&qid=1587400140&s=pantry&sr=8-176&srs=9574332031,?442
https://m.media-amazon.com/images/I/71d3BmiVcYL._AC_UL320_ML3_.jpg,Moong Dhuli Economy 1Kg,,,,,https://www.amazon.in/Ajit-Singh-Parkash-Private-Limited/dp/B0851SRQKK/ref=sr_1_177?dchild=1&fpw=pantry&qid=1587400140&s=pantry&sr=8-177&srs=9574332031,?130
https://m.media-amazon.com/images/I/61t9n7DLaqL._AC_UL320_ML3_.jpg,"Sunsilk Perfect Straight Nourishing Conditioner, 180ml",,,,,https://www.amazon.in/Sunsilk-Perfect-Straight-Nourishing-Conditioner/dp/B06XGTWF12/ref=sr_1_178?dchild=1&fpw=pantry&qid=1587400140&s=pantry&sr=8-178&srs=9574332031,?126
https://m.media-amazon.com/images/I/81527+sIF6L._AC_UL320_ML3_.jpg,Fem Soft Handz Hand Wash – Enriched with goodness of Saffron & Blossom with Coconut Milk - 5L,,,,,https://www.amazon.in/Fem-Soft-Handz-Soap-Saffron/dp/B01CJUCIHG/ref=sr_1_179?dchild=1&fpw=pantry&qid=1587400140&s=pantry&sr=8-179&srs=9574332031,?675
https://m.media-amazon.com/images/I/71gS5YjPnWL._AC_UL320_ML3_.jpg,Tide Plus Extra Power Detergent Washing Powder - 4 kg (Lemon and Mint) with Free Detergent Powder - 1 kg,,,,,,
https://m.media-amazon.com/images/I/51jSiBpVAuL._AC_UL320_ML3_.jpg,Stayfree Secure XL Cottony Sanitary Napkins with Wing 20's (Pack of 3)(60 Count),,,,,https://www.amazon.in/Stayfree-Secure-XL-Cottony-Sanitary/dp/B083G595P3/ref=sr_1_181?dchild=1&fpw=pantry&qid=1587400140&s=pantry&sr=8-181&srs=9574332031,?321
https://m.media-amazon.com/images/I/61KoJNRb1yL._AC_UL320_ML3_.jpg,Safewash Matic Liquid Detergent Top Load 2L,,,,,https://www.amazon.in/Safewash-Matic-Liquid-Detergent-Load/dp/B07VTWM5Q1/ref=sr_1_182?dchild=1&fpw=pantry&qid=1587400140&s=pantry&sr=8-182&srs=9574332031,?300
https://m.media-amazon.com/images/I/811n69nR+-L._AC_UL320_ML3_.jpg,"Disano Olive Pomace Oil, 5L",,,,,https://www.amazon.in/Disano-Olive-Pomace-Oil-5L/dp/B01MXPZ7JG/ref=sr_1_183?dchild=1&fpw=pantry&qid=1587400140&s=pantry&sr=8-183&srs=9574332031,"?1,420"
https://m.media-amazon.com/images/I/91mDW44kGnL._AC_UL320_ML3_.jpg,"Vedaka Premium Dried Blueberries, 200g",,,,,https://www.amazon.in/Vedaka-Premium-Blueberries-200g/dp/B07GR2KTVY/ref=sr_1_184?dchild=1&fpw=pantry&qid=1587400140&s=pantry&sr=8-184&srs=9574332031,?449
https://m.media-amazon.com/images/I/61TXFU40heL._AC_UL320_ML3_.jpg,Dabur Lal Tail 500ml – Ayurvedic Baby Oil 500 ml,,,,,https://www.amazon.in/Dabur-Lal-Tail-Ayurvedic-Massage/dp/B01GJQ1MKK/ref=sr_1_185?dchild=1&fpw=pantry&qid=1587400140&s=pantry&sr=8-185&srs=9574332031,?306
https://m.media-amazon.com/images/I/71JNyUcnHIL._AC_UL320_ML3_.jpg,"Himalaya Nourishing Body Lotion, 400ml",,,,,https://www.amazon.in/Himalaya-Nourishing-Body-Lotion-400ml/dp/B01NCTUKCA/ref=sr_1_186?dchild=1&fpw=pantry&qid=1587400140&s=pantry&sr=8-186&srs=9574332031,?220
https://m.media-amazon.com/images/I/61Ons0bu7gL._AC_UL320_ML3_.jpg,Amazon Brand - Solimo Aluminium Foil - 500 g (18 Microns),,,,,https://www.amazon.in/Amazon-Brand-Solimo-Aluminium-Microns/dp/B07KW9K1J7/ref=sr_1_187?dchild=1&fpw=pantry&qid=1587400140&s=pantry&sr=8-187&srs=9574332031,?249
https://m.media-amazon.com/images/I/71YkNM3xQeL._AC_UL320_ML3_.jpg,"Nestlé LACTOGEN 2 Follow-Up Infant Formula Powder (After 6 months), Stage 2-400g Bag-In-Box Pack",,,,,https://www.amazon.in/Nestl%C3%A9-Lactogen-Follow-Up-Infant-Formula/dp/B01CJVBCVS/ref=sr_1_188?dchild=1&fpw=pantry&qid=1587400140&s=pantry&sr=8-188&srs=9574332031,?315
https://m.media-amazon.com/images/I/71k1IHYUKvL._AC_UL320_ML3_.jpg,"Nestlé LACTOGEN 1 Infant Formula Powder - Upto 6 months, Stage 1, 400g BIB Pack",,,,,https://www.amazon.in/Nestl%C3%A9-Lactogen-Infant-Formula-Powder/dp/B01H4UQY3K/ref=sr_1_189?dchild=1&fpw=pantry&qid=1587400140&s=pantry&sr=8-189&srs=9574332031,?325
https://m.media-amazon.com/images/I/71OKuBGYZJL._AC_UL320_ML3_.jpg,"Nestle Nan Pro 2 Follow-Up Infant Formula Powder, After 6 months, 400g",,,,,https://www.amazon.in/Nestle-Follow-Infant-Formula-Months/dp/B01CJVBFPG/ref=sr_1_190?dchild=1&fpw=pantry&qid=1587400140&s=pantry&sr=8-190&srs=9574332031,?575
https://m.media-amazon.com/images/I/71VQQeDNOIL._AC_UL320_ML3_.jpg,Admiria Comfort Sanitary Pad/Napkins – Regular (Pack of 40),,,,,https://www.amazon.in/Admiria-Comfort-Sanitary-Pad-Napkins/dp/B07QXTP1GC/ref=sr_1_191?dchild=1&fpw=pantry&qid=1587400140&s=pantry&sr=8-191&srs=9574332031,?130
https://m.media-amazon.com/images/I/61QVvIe5QXL._AC_UL320_ML3_.jpg,"Pond's Triple Vitamin Moisturising Body Lotion, 100ml",,,,,https://www.amazon.in/PONDS-Triple-Vitamin-Moisturising-Lotion/dp/B01MQ09QBF/ref=sr_1_192?dchild=1&fpw=pantry&qid=1587400140&s=pantry&sr=8-192&srs=9574332031,?80
https://m.media-amazon.com/images/I/71O+K92ieRL._AC_UL320_ML3_.jpg,Bathroom Cleaner 450ml 1+1,,,,,https://www.amazon.in/Bathroom-Cleaner-450ml-1/dp/B07T2SL27Q/ref=sr_1_193?dchild=1&fpw=pantry&qid=1587400144&s=pantry&sr=8-193&srs=9574332031,?98
https://m.media-amazon.com/images/I/711nTOvfy8L._AC_UL320_ML3_.jpg,"Syclone Matic Front Load Detergent Powder for Washing Machine, 2kg",,,,,https://www.amazon.in/Syclone-Detergent-Powder-Washing-Machine/dp/B07JXT2X3D/ref=sr_1_194?dchild=1&fpw=pantry&qid=1587400144&s=pantry&sr=8-194&srs=9574332031,?279
https://m.media-amazon.com/images/I/71bSjV8VKrL._AC_UL320_ML3_.jpg,Junior Horlicks Stage 1 (2-3 years) Health & Nutrition drink - 500 g Refill pack (Original flavor),,,,,https://www.amazon.in/Junior-Horlicks-Stage-Health-Nutrition/dp/B01CJUYK1I/ref=sr_1_195?dchild=1&fpw=pantry&qid=1587400144&s=pantry&sr=8-195&srs=9574332031,?270
https://m.media-amazon.com/images/I/51PlYk6bHbL._AC_UL320_ML3_.jpg,Yardley London Deo Tripack - English Lavender + English Rose + Morning Dew 150ml (Pack of 3),,,,,https://www.amazon.in/Yardley-London-Deo-Tripack-Lavender/dp/B07NY1L3WY/ref=sr_1_196?dchild=1&fpw=pantry&qid=1587400144&s=pantry&sr=8-196&srs=9574332031,?432
https://m.media-amazon.com/images/I/612WyB8T3fL._AC_UL320_ML3_.jpg,"Godrej Protekt Happyfoam Liquid Handwash Bottle for Kids, 215ml",,,,,https://www.amazon.in/Godrej-Protekt-happyfoam-Handwash-250/dp/B01CJVPLNI/ref=sr_1_197?dchild=1&fpw=pantry&qid=1587400144&s=pantry&sr=8-197&srs=9574332031,?138
https://m.media-amazon.com/images/I/71DvIbCz85L._AC_UL320_ML3_.jpg,"Nestlé CERELAC Fortified Baby Cereal with Milk, Multigrain & Fruits – From 12 Months, 300g BIB Pack",,,,,https://www.amazon.in/Nestl%C3%A9-CERELAC-Fortified-Cereal-Multigrain/dp/B01CJVBI8K/ref=sr_1_198?dchild=1&fpw=pantry&qid=1587400144&s=pantry&sr=8-198&srs=9574332031,?252
https://m.media-amazon.com/images/I/81ado6E1AoL._AC_UL320_ML3_.jpg,"India Gate Basmati Rice Bag, Classic, 5kg",,,,,https://www.amazon.in/India-Gate-Basmati-Rice-Classic/dp/B07C3X139Z/ref=sr_1_199?dchild=1&fpw=pantry&qid=1587400144&s=pantry&sr=8-199&srs=9574332031,?943
https://m.media-amazon.com/images/I/61Qy5Ym5CaL._AC_UL320_ML3_.jpg,"Cleenz Toilet Bowl Cleaner Liquid, 500 ml",,,,,https://www.amazon.in/Cleenz-Toilet-Bowl-Cleaner-Liquid/dp/B07QVTP6ZG/ref=sr_1_200?dchild=1&fpw=pantry&qid=1587400144&s=pantry&sr=8-200&srs=9574332031,?49
https://m.media-amazon.com/images/I/91qx8vGTJ0L._AC_UL320_ML3_.jpg,"Amazon Brand - Vedaka SOYA Granules, 500g",,,,,https://www.amazon.in/Amazon-Brand-Vedaka-SOYA-Granules/dp/B07L1436Q5/ref=sr_1_201?dchild=1&fpw=pantry&qid=1587400144&s=pantry&sr=8-201&srs=9574332031,?83
https://m.media-amazon.com/images/I/81+jQkH+zgL._AC_UL320_ML3_.jpg,"Nestle Cerelac Fortified Baby Cereal with Milk, Wheat Apple – From 6 Months, 300g Pack",,,,,https://www.amazon.in/Nestl%C3%A9-CERELAC-Fortified-Cereal-Wheat/dp/B01CJVB61Y/ref=sr_1_202?dchild=1&fpw=pantry&qid=1587400144&s=pantry&sr=8-202&srs=9574332031,?179
https://m.media-amazon.com/images/I/716FaM6fbgL._AC_UL320_ML3_.jpg,"Himalaya Nourishing Skin Cream, 100ml",,,,,https://www.amazon.in/Himalaya-Herbals-Nourishing-Cream-100ml/dp/B01MY6E23X/ref=sr_1_203?dchild=1&fpw=pantry&qid=1587400144&s=pantry&sr=8-203&srs=9574332031,?110
https://m.media-amazon.com/images/I/71m6IiOrDcL._AC_UL320_ML3_.jpg,"Parachute Coconut Oil, 600 ml (Pack of 2)",,,,,https://www.amazon.in/Parachute-Coconut-Oil-600-Pack/dp/B07T98SZMB/ref=sr_1_204?dchild=1&fpw=pantry&qid=1587400144&s=pantry&sr=8-204&srs=9574332031,?500
https://m.media-amazon.com/images/I/81MQWBkepwL._AC_UL320_ML3_.jpg,Divine India Aloe Vera Gel 200 Ml,,,,,https://www.amazon.in/Divine-India-Aloe-Vera-Gel/dp/B07R68H685/ref=sr_1_205?dchild=1&fpw=pantry&qid=1587400144&s=pantry&sr=8-205&srs=9574332031,?189
https://m.media-amazon.com/images/I/61vOtQa5MOL._AC_UL320_ML3_.jpg,Nature Crest Cold Extraction Extra Virgin Olive Oil - 250ml,,,,,https://www.amazon.in/Nature-Crest-Extra-Virgin-Olive/dp/B07TFXFT35/ref=sr_1_206?dchild=1&fpw=pantry&qid=1587400144&s=pantry&sr=8-206&srs=9574332031,?189
https://m.media-amazon.com/images/I/71Y-JZX5-ML._AC_UL320_ML3_.jpg,"Cleenz Hand Wash Dispenser Bottle, 250 ml",,,,,https://www.amazon.in/Cleenz-Hand-Wash-Dispenser-Bottle/dp/B07QTDN64R/ref=sr_1_207?dchild=1&fpw=pantry&qid=1587400144&s=pantry&sr=8-207&srs=9574332031,?70
https://m.media-amazon.com/images/I/713kxtUZAuL._AC_UL320_ML3_.jpg,Amazon Brand - Solimo Charcoal Infused Toothbrush (Pack of 4),,,,,https://www.amazon.in/Amazon-Brand-Charcoal-Infused-Toothbrush/dp/B07Y9129Q9/ref=sr_1_208?dchild=1&fpw=pantry&qid=1587400144&s=pantry&sr=8-208&srs=9574332031,?155
https://m.media-amazon.com/images/I/81YA3y0M+zL._AC_UL320_ML3_.jpg,Nestle Nestum Infant Cereal Stage-3 (10 Months-24 Months) Rice 3 Fruits 300g,,,,,https://www.amazon.in/Nestle-NESTUM-Infant-Stage-3-Months-24/dp/B01CJVC0VE/ref=sr_1_209?dchild=1&fpw=pantry&qid=1587400144&s=pantry&sr=8-209&srs=9574332031,?177
https://m.media-amazon.com/images/I/81re-M27deL._AC_UL320_ML3_.jpg,Amazon Brand - Solimo Wooden Toothpicks - 250 Sticks (Pack of 4),,,,,https://www.amazon.in/Amazon-Brand-Solimo-Wooden-Toothpicks/dp/B07G5PK1Q3/ref=sr_1_210?dchild=1&fpw=pantry&qid=1587400144&s=pantry&sr=8-210&srs=9574332031,?139
https://m.media-amazon.com/images/I/91VLdZVtnTL._AC_UL320_ML3_.jpg,"Amazon Brand - Vedaka Premium Prunes, 500g",,,,,https://www.amazon.in/Vedaka-Premium-Prunes-500g/dp/B07GR47WWG/ref=sr_1_211?dchild=1&fpw=pantry&qid=1587400144&s=pantry&sr=8-211&srs=9574332031,?469
https://m.media-amazon.com/images/I/81sDa7VMkSL._AC_UL320_ML3_.jpg,"Happilo Premium International Trial Mix, 200g (Pack of 2)",,,,,https://www.amazon.in/Happilo-Premium-International-Trail-200g-Pack/dp/B075V85K6Y/ref=sr_1_212?dchild=1&fpw=pantry&qid=1587400144&s=pantry&sr=8-212&srs=9574332031,?584
https://m.media-amazon.com/images/I/81XNh80LbxL._AC_UL320_ML3_.jpg,"Oleev Active Pouch, 1L",,,,,https://www.amazon.in/Oleev-Active-Pouch-1L/dp/B01HBFVYGA/ref=sr_1_213?dchild=1&fpw=pantry&qid=1587400144&s=pantry&sr=8-213&srs=9574332031,?181
https://m.media-amazon.com/images/I/51cR53ED50L._AC_UL320_ML3_.jpg,"Sunsilk Green Tea and White Lily Freshness Hair Shampoo, 195 ml",,,,,https://www.amazon.in/Sunsilk-Green-White-Freshness-Shampoo/dp/B07RML8D8P/ref=sr_1_214?dchild=1&fpw=pantry&qid=1587400144&s=pantry&sr=8-214&srs=9574332031,?94
https://m.media-amazon.com/images/I/71CtQihn5QL._AC_UL320_ML3_.jpg,"Amazon Brand - Solimo Glycerine Bathing Bar (Pack of 3), 3 x 125g",,,,,https://www.amazon.in/Amazon-Brand-Solimo-Glycerine-Bathing/dp/B07R8G65MJ/ref=sr_1_215?dchild=1&fpw=pantry&qid=1587400144&s=pantry&sr=8-215&srs=9574332031,?125
https://m.media-amazon.com/images/I/719MSV7C+GL._AC_UL320_ML3_.jpg,Amazon Brand - Solimo Adult Diaper Pants - 10 Count (Large/ XL),,,,,https://www.amazon.in/Solimo-Adult-Diaper-Underpants-XL/dp/B07GVGCZC4/ref=sr_1_216?dchild=1&fpw=pantry&qid=1587400144&s=pantry&sr=8-216&srs=9574332031,?470
https://m.media-amazon.com/images/I/71fdrOOuEYL._AC_UL320_ML3_.jpg,"24 Mantra Organic Flax Seeds, 200g",,,,,https://www.amazon.in/24-Mantra-Organic-Flax-Seeds/dp/B01CHV7SE0/ref=sr_1_217?dchild=1&fpw=pantry&qid=1587400144&s=pantry&sr=8-217&srs=9574332031,?60
https://m.media-amazon.com/images/I/81fE60z2NYL._AC_UL320_ML3_.jpg,"Borges Cesar Olive Pomace Oil, 5L",,,,,https://www.amazon.in/Cesar-Olive-Pomace-Oil-5L/dp/B01GCE38TW/ref=sr_1_218?dchild=1&fpw=pantry&qid=1587400144&s=pantry&sr=8-218&srs=9574332031,"?1,249"
https://m.media-amazon.com/images/I/41dg92PeHqL._AC_UL320_ML3_.jpg,Society Premium Green Tea 250G Jar,,,,,https://www.amazon.in/Society-Tea-Premium-Green-250g/dp/B01N3S7RMK/ref=sr_1_219?dchild=1&fpw=pantry&qid=1587400144&s=pantry&sr=8-219&srs=9574332031,?165
https://m.media-amazon.com/images/I/81oOaCka8PL._AC_UL320_ML3_.jpg,"Disano Extra Virgin Olive Oil, 1L (Pack of 2)",,,,,https://www.amazon.in/Disano-Extra-Virgin-Olive-Pack/dp/B07216SWTJ/ref=sr_1_220?dchild=1&fpw=pantry&qid=1587400144&s=pantry&sr=8-220&srs=9574332031,"?1,299"
https://m.media-amazon.com/images/I/71Jub8bS8tL._AC_UL320_ML3_.jpg,"Nestlé LACTOGEN 4 Follow-Up Infant Formula Powder (After 18 months upto 24 months), Stage 4-400g Bag-In-Box Pack",,,,,https://www.amazon.in/Nestl%C3%A9-Lactogen-Follow-Up-Infant-Formula/dp/B01CJVCB2W/ref=sr_1_221?dchild=1&fpw=pantry&qid=1587400144&s=pantry&sr=8-221&srs=9574332031,?290
https://m.media-amazon.com/images/I/61JBcFxgLtL._AC_UL320_ML3_.jpg,"Society Dairy White, Instant Dairy Whitener, 1kg",,,,,https://www.amazon.in/SOCIETY-Society-Dairy-White-1kg/dp/B07MLZML6G/ref=sr_1_222?dchild=1&fpw=pantry&qid=1587400144&s=pantry&sr=8-222&srs=9574332031,?425
https://m.media-amazon.com/images/I/51z276FJjzL._AC_UL320_ML3_.jpg,Tresemme Nourish&Replenish Conditioner 190 ml,,,,,https://www.amazon.in/Tresemme-Nourish-Replenish-Conditioner-190ml/dp/B07F7TYX3R/ref=sr_1_223?dchild=1&fpw=pantry&qid=1587400144&s=pantry&sr=8-223&srs=9574332031,?219
https://m.media-amazon.com/images/I/51-199u-tzL._AC_UL320_ML3_.jpg,"Nivea Nourishing Lotion Body Milk, 200ml",,,,,https://www.amazon.in/Nivea-Nourishing-Lotion-Body-200ml/dp/B01N5Q0JC7/ref=sr_1_224?dchild=1&fpw=pantry&qid=1587400144&s=pantry&sr=8-224&srs=9574332031,?198
https://m.media-amazon.com/images/I/81G40wB72WL._AC_UL320_ML3_.jpg,"Mother's Horlicks - Health & Nutrition drink, No Added Sugar, Kesar flavor, 500g",,,,,https://www.amazon.in/Mothers-Horlicks-Health-Nutrition-Drink/dp/B06ZY1PFCV/ref=sr_1_225?dchild=1&fpw=pantry&qid=1587400144&s=pantry&sr=8-225&srs=9574332031,?524
https://m.media-amazon.com/images/I/41A9slYqIdL._AC_UL320_ML3_.jpg,"Biotique Bio Wheat Germ FIRMING FACE and BODY NIGHT CREAM For Normal To Dry Skin, 50G",,,,,https://www.amazon.in/Biotique-Wheat-Firming-Cream-Normal/dp/B01CGF5FLA/ref=sr_1_226?dchild=1&fpw=pantry&qid=1587400144&s=pantry&sr=8-226&srs=9574332031,?195.50
https://m.media-amazon.com/images/I/71I1-2kOCBL._AC_UL320_ML3_.jpg,"Bagrry's Crunchy Muesli Crunchy Oat Clusters With Almonds,Raisins & Honey , 1000g",,,,,,
https://m.media-amazon.com/images/I/71fYZ8jidAL._AC_UL320_ML3_.jpg,"Kellogg's Corn Flakes, 875g",,,,,https://www.amazon.in/Kelloggs-Corn-Flakes-875g-West/dp/B07K917WWV/ref=sr_1_228?dchild=1&fpw=pantry&qid=1587400144&s=pantry&sr=8-228&srs=9574332031,?310
https://m.media-amazon.com/images/I/71jusTDxZxL._AC_UL320_ML3_.jpg,"Happilo Premium Californian Dried and Sweet Whole Cranberries, 200g",,,,,https://www.amazon.in/Happilo-Premium-Californian-Dried-Sweet-Cranberries/dp/B0744GPSRD/ref=sr_1_229?dchild=1&fpw=pantry&qid=1587400144&s=pantry&sr=8-229&srs=9574332031,?221
https://m.media-amazon.com/images/I/61IMKtHxL5L._AC_UL320_ML3_.jpg,"Kohinoor Royale Authentic Biryani Basmati Rice, 5 Kg",,,,,https://www.amazon.in/Kohinoor-Royale-Authentic-Biryani-Basmati/dp/B01MS9HLAK/ref=sr_1_230?dchild=1&fpw=pantry&qid=1587400144&s=pantry&sr=8-230&srs=9574332031,?579
https://m.media-amazon.com/images/I/61vFo+dzstL._AC_UL320_ML3_.jpg,"Tata Tea Quick Chai Classic Dispenser Pack, 125g",,,,,https://www.amazon.in/Tata-Quick-Chai-Classic-Dispenser/dp/B07MWLTJKC/ref=sr_1_231?dchild=1&fpw=pantry&qid=1587400144&s=pantry&sr=8-231&srs=9574332031,?100
https://m.media-amazon.com/images/I/91VnUS0L1-L._AC_UL320_ML3_.jpg,Amazon Brand - Solimo Bamboo Toothbrush (Pack of 4),,,,,https://www.amazon.in/Amazon-Brand-Solimo-Bamboo-Toothbrush/dp/B07Y91GQ4L/ref=sr_1_232?dchild=1&fpw=pantry&qid=1587400144&s=pantry&sr=8-232&srs=9574332031,?230
https://m.media-amazon.com/images/I/619aoF3jF0L._AC_UL320_ML3_.jpg,Gourmia Roasted Pistachios Salt and Pepper 200g,,,,,https://www.amazon.in/Gourmia-Roasted-Pistachios-Salt-Pepper/dp/B01I9TA4NG/ref=sr_1_233?dchild=1&fpw=pantry&qid=1587400144&s=pantry&sr=8-233&srs=9574332031,?359
https://m.media-amazon.com/images/I/41HRutSRdvL._AC_UL320_ML3_.jpg,Society OMT Masala Instant Tea Premix 500G Jar,,,,,https://www.amazon.in/Society-Tea-Minute-Masala-500g/dp/B0719RVB2X/ref=sr_1_234?dchild=1&fpw=pantry&qid=1587400144&s=pantry&sr=8-234&srs=9574332031,?229
https://m.media-amazon.com/images/I/81-u4JGrq7L._AC_UL320_ML3_.jpg,"Safewash Woolen Liquid Detergent by Wipro, 1kg Bottle + 1kg Pouch Free",,,,,https://www.amazon.in/Safewash-Woolen-Liquid-Detergent-Bottle/dp/B0812CMK7Q/ref=sr_1_235?dchild=1&fpw=pantry&qid=1587400144&s=pantry&sr=8-235&srs=9574332031,?282
https://m.media-amazon.com/images/I/61rQsXps3hL._AC_UL320_ML3_.jpg,"Complan Nutrition and Health Drink Kesar Badam, 500gm (Carton)",,,,,https://www.amazon.in/Complan-Refill-Kesar-Badam-500g/dp/B077K1S4KR/ref=sr_1_236?dchild=1&fpw=pantry&qid=1587400144&s=pantry&sr=8-236&srs=9574332031,?289
https://m.media-amazon.com/images/I/51iXRRfI8eL._AC_UL320_ML3_.jpg,"Nivea Oil in Lotion Cocoa Nourish, 200ml",,,,,,
https://m.media-amazon.com/images/I/71m8fafqYlL._AC_UL320_ML3_.jpg,"Amazon Brand - Solimo Extra Light Olive Oil, 2L",,,,,https://www.amazon.in/Solimo-Extra-Light-Olive-Oil/dp/B07F894CNM/ref=sr_1_238?dchild=1&fpw=pantry&qid=1587400144&s=pantry&sr=8-238&srs=9574332031,"?1,049"
https://m.media-amazon.com/images/I/41kIClO-LOL._AC_UL320_ML3_.jpg,"Morison Baby Dreams Soft Baby Wipes, 80 Wipes (Pack of 2)",,,,,https://www.amazon.in/Morison-Baby-Dreams-Soft-Wipes/dp/B07PDMZYKV/ref=sr_1_239?dchild=1&fpw=pantry&qid=1587400144&s=pantry&sr=8-239&srs=9574332031,?257
https://m.media-amazon.com/images/I/41uQQ6MIelL._AC_UL320_ML3_.jpg,Dazzl Disinfectant Floor Cleaner - 5L,,,,,https://www.amazon.in/Dazzl-Disinfectant-Floor-Cleaner-5L/dp/B0831NM946/ref=sr_1_240?dchild=1&fpw=pantry&qid=1587400144&s=pantry&sr=8-240&srs=9574332031,?380
https://m.media-amazon.com/images/I/71ZsB50pa9L._AC_UL320_ML3_.jpg,Tide Ultra Matic Detergent Washing Powder 4 Kg,,,,,https://www.amazon.in/Tide-Ultra-Detergent-Washing-Powder/dp/B07RVLMZ1Z/ref=sr_1_241?dchild=1&fpw=pantry&qid=1587400148&s=pantry&sr=8-241&srs=9574332031,?639
https://m.media-amazon.com/images/I/81yEVwECnRL._AC_UL320_ML3_.jpg,"Leonardo Pomace Olive Oil Tin, 5L",,,,,https://www.amazon.in/Leonardo-Pomace-Olive-Oil-Tin/dp/B01MSPEDT4/ref=sr_1_242?dchild=1&fpw=pantry&qid=1587400148&s=pantry&sr=8-242&srs=9574332031,"?1,752"
https://m.media-amazon.com/images/I/615CgBWuUjL._AC_UL320_ML3_.jpg,"Palmolive Skin Therapy Turmeric Soap, 75g with Palmolive Foaming Hand Wash Raspberry, 250ml",,,,,https://www.amazon.in/Palmolive-Therapy-Turmeric-Foaming-Raspberry/dp/B07HHFT944/ref=sr_1_243?dchild=1&fpw=pantry&qid=1587400148&s=pantry&sr=8-243&srs=9574332031,?194
https://m.media-amazon.com/images/I/51lHlLpAL7L._AC_UL320_ML3_.jpg,"NIVEA MEN All-in-One Face Wash with 10X Vitamin C effect reduces acne, refreshes skin, 100g",,,,,https://www.amazon.in/Nivea-Men-All-In-1-Facewash-100g/dp/B01HBA82EW/ref=sr_1_244?dchild=1&fpw=pantry&qid=1587400148&s=pantry&sr=8-244&srs=9574332031,?219.50
https://m.media-amazon.com/images/I/81uWPLpM2cL._AC_UL320_ML3_.jpg,"Nestle Cerelac Fortified Baby Cereal with Milk, Wheat – From 6 Months, 300g Pack",,,,,https://www.amazon.in/Nestl%C3%A9-CERELAC-Fortified-Cereal-Wheat/dp/B01CJVBNEO/ref=sr_1_245?dchild=1&fpw=pantry&qid=1587400148&s=pantry&sr=8-245&srs=9574332031,?180
https://m.media-amazon.com/images/I/71FeKM3Q8ML._AC_UL320_ML3_.jpg,Borges Olive Oil - Extra Light in Taste 250ml,,,,,https://www.amazon.in/Borges-Olive-Oil-250ml/dp/B06WWBP3ZP/ref=sr_1_246?dchild=1&fpw=pantry&qid=1587400148&s=pantry&sr=8-246&srs=9574332031,?299
https://m.media-amazon.com/images/I/81uFVcU8RdL._AC_UL320_ML3_.jpg,Nestle NESTUM Baby Cereal Stage-1 (6 Months-12 Months) Rice - 300 g,,,,,https://www.amazon.in/Nestle-NESTUM-Cereal-Stage-1-Months-24/dp/B01CJVB9BG/ref=sr_1_247?dchild=1&fpw=pantry&qid=1587400148&s=pantry&sr=8-247&srs=9574332031,?137
https://m.media-amazon.com/images/I/61eCgIQnlxL._AC_UL320_ML3_.jpg,Olay Natural White Night Nourishing Repair Cream ? 50g,,,,,https://www.amazon.in/Olay-Natural-White-Nourishing-Repair/dp/B01CGEXEX2/ref=sr_1_248?dchild=1&fpw=pantry&qid=1587400148&s=pantry&sr=8-248&srs=9574332031,?365
https://m.media-amazon.com/images/I/615YwkwQ0GL._AC_UL320_ML3_.jpg,"Complan Nutrition and Health Drink Royale Chocolate, 1kg (Carton)",,,,,https://www.amazon.in/Complan-Royale-Chocolate-1kg/dp/B077JX88FC/ref=sr_1_249?dchild=1&fpw=pantry&qid=1587400148&s=pantry&sr=8-249&srs=9574332031,?482
https://m.media-amazon.com/images/I/61OxBy+mMHL._AC_UL320_ML3_.jpg,Nature Crest Premium Extracts Pomace Olive Oil - 250ml,,,,,https://www.amazon.in/Nature-Crest-Pomace-Olive-Oil/dp/B07TCPG3BR/ref=sr_1_250?dchild=1&fpw=pantry&qid=1587400148&s=pantry&sr=8-250&srs=9574332031,?139
https://m.media-amazon.com/images/I/61O403aJMPL._AC_UL320_ML3_.jpg,"Del Monte Classic Olive Oil TIN, 500ml",,,,,https://www.amazon.in/Del-Monte-Classic-Olive-500ml/dp/B082D5NZ6R/ref=sr_1_251?dchild=1&fpw=pantry&qid=1587400148&s=pantry&sr=8-251&srs=9574332031,?380
https://m.media-amazon.com/images/I/8137ZHh+mSL._AC_UL320_ML3_.jpg,"Cesar Olive Pomace Oil, 1L",,,,,https://www.amazon.in/Cesar-Olive-Pomace-Oil-LTR/dp/B06VW375C1/ref=sr_1_252?dchild=1&fpw=pantry&qid=1587400148&s=pantry&sr=8-252&srs=9574332031,?275
https://m.media-amazon.com/images/I/51kjwdwPtqL._AC_UL320_ML3_.jpg,"Fortune Soya Granules, 200g",,,,,,
https://m.media-amazon.com/images/I/81a7GlcF1PL._AC_UL320_ML3_.jpg,Kinder Joy for Boys with Toy Pack of 24,,,,,https://www.amazon.in/Kinder-Joy-Boys-Toy-Pack/dp/B07SRC9GN3/ref=sr_1_254?dchild=1&fpw=pantry&qid=1587400148&s=pantry&sr=8-254&srs=9574332031,?960
https://m.media-amazon.com/images/I/91TjZGaYuML._AC_UL320_ML3_.jpg,"Pure & Sure Organic Tender Jackfruit, Indian Curry, 200g",,,,,https://www.amazon.in/Pure-Sure-Organic-Tender-Jackfruit/dp/B074PZ4L6M/ref=sr_1_255?dchild=1&fpw=pantry&qid=1587400148&s=pantry&sr=8-255&srs=9574332031,?100
https://m.media-amazon.com/images/I/615-ZOdBwsL._AC_UL320_ML3_.jpg,"Del Monte Pomace Olive Oil PET, 2L",,,,,https://www.amazon.in/Del-Monte-Pomace-Olive-Oil/dp/B082D4QD2Y/ref=sr_1_256?dchild=1&fpw=pantry&qid=1587400148&s=pantry&sr=8-256&srs=9574332031,?775
https://m.media-amazon.com/images/I/61r9kCzNyVL._AC_UL320_ML3_.jpg,Society Elaichi Premix Tea 1Kg Pouch,,,,,https://www.amazon.in/Society-Tea-Instant-Elaichi-Premix/dp/B01N05Z8HG/ref=sr_1_257?dchild=1&fpw=pantry&qid=1587400148&s=pantry&sr=8-257&srs=9574332031,?405
https://m.media-amazon.com/images/I/6145O1L-qQL._AC_UL320_ML3_.jpg,Horlicks Cardia Plus Health and Nutrition Drink - 400 g Pet Jar (Vanilla),,,,,https://www.amazon.in/Horlicks-Cardia-Health-Nutrition-Drink/dp/B01MU2Y8ZZ/ref=sr_1_258?dchild=1&fpw=pantry&qid=1587400148&s=pantry&sr=8-258&srs=9574332031,?665
https://m.media-amazon.com/images/I/71BoY2rutDL._AC_UL320_ML3_.jpg,Amazon Brand - Solimo Adult Diapers - 10 Count (Medium),,,,,https://www.amazon.in/Solimo-Adult-Diapers-M/dp/B07GVS21LD/ref=sr_1_259?dchild=1&fpw=pantry&qid=1587400148&s=pantry&sr=8-259&srs=9574332031,?373
https://m.media-amazon.com/images/I/717ejC2aIBL._AC_UL320_ML3_.jpg,"Saffola FITTIFY Gourmet Superfood Moringa Green Tea, Honey Lemon, 15 Sachets, 37.5g",,,,,https://www.amazon.in/Saffola-FITTIFY-Gourmet-Superfood-Moringa/dp/B07LDGVRFD/ref=sr_1_260?dchild=1&fpw=pantry&qid=1587400148&s=pantry&sr=8-260&srs=9574332031,?217
https://m.media-amazon.com/images/I/5155y5tnw8L._AC_UL320_ML3_.jpg,"Dove Rich Nourishment Cream, 250ml",,,,,https://www.amazon.in/Dove-Rich-Nourishment-Cream-250ml/dp/B07HHJX7VJ/ref=sr_1_261?dchild=1&fpw=pantry&qid=1587400148&s=pantry&sr=8-261&srs=9574332031,?269
https://m.media-amazon.com/images/I/71TxV06SLHL._AC_UL320_ML3_.jpg,"Kare In Adult Diapers Medium Size 10 Count, Waist Size 76-114cm (30""-45"")",,,,,https://www.amazon.in/Kare-Adult-Diapers-Medium-76cm-114cm/dp/B071GNF7NF/ref=sr_1_262?dchild=1&fpw=pantry&qid=1587400148&s=pantry&sr=8-262&srs=9574332031,?384
https://m.media-amazon.com/images/I/61FSe-e5G-L._AC_UL320_ML3_.jpg,"Coco Soul Cold Pressed Natural Virgin Coconut Oil Jar, 500 ml",,,,,https://www.amazon.in/Coco-Soul-Pressed-Natural-Coconut/dp/B07GVRJHQ5/ref=sr_1_263?dchild=1&fpw=pantry&qid=1587400148&s=pantry&sr=8-263&srs=9574332031,?399
https://m.media-amazon.com/images/I/51QsQUvQrqL._AC_UL320_ML3_.jpg,"NIVEA MEN Face Wash, Oil Control, 10x Vitamin C, 50ml",,,,,https://www.amazon.in/Nivea-Men-Oil-Control-Facewash/dp/B01CGEV4FW/ref=sr_1_264?dchild=1&fpw=pantry&qid=1587400148&s=pantry&sr=8-264&srs=9574332031,?88.95
https://m.media-amazon.com/images/I/619otHUNehL._AC_UL320_ML3_.jpg,Pepsodent Bamboo Salt Gumcare Tooth Brush Soft (Pack of 2),,,,,https://www.amazon.in/Pepsodent-Bamboo-Gumcare-Tooth-Brush/dp/B07QNL4W1B/ref=sr_1_265?dchild=1&fpw=pantry&qid=1587400148&s=pantry&sr=8-265&srs=9574332031,?84
https://m.media-amazon.com/images/I/816uNUeL+yL._AC_UL320_ML3_.jpg,BodyGuard Natural Deet Free Anti Mosquito Repellent Patches - 10 + 2 Patches,,,,,https://www.amazon.in/BodyGuard-Natural-Mosquito-Repellent-Patches/dp/B07WJGYVXS/ref=sr_1_266?dchild=1&fpw=pantry&qid=1587400148&s=pantry&sr=8-266&srs=9574332031,?89
https://m.media-amazon.com/images/I/51+hbo0K03L._AC_UL320_ML3_.jpg,Dove Gentle Exfoliating Nourishing Body Wash 190 ml (Free Loofah),,,,,https://www.amazon.in/Dove-Gentle-Exfoliating-Nourishing-Loofah/dp/B084PYN7ZQ/ref=sr_1_267?dchild=1&fpw=pantry&qid=1587400148&s=pantry&sr=8-267&srs=9574332031,?115
https://m.media-amazon.com/images/I/61EwadJU2rL._AC_UL320_ML3_.jpg,"Palmolive Skin Therapy Charcoal Soap, 75g with Palmolive Orchid and Milk Black Natural Hand Wash, 250ml and Palmolive Aroma Absolute Relax Shower Gel, 250ml",,,,,https://www.amazon.in/Palmolive-Therapy-Charcoal-Natural-Absolute/dp/B07HHFKP92/ref=sr_1_268?dchild=1&fpw=pantry&qid=1587400148&s=pantry&sr=8-268&srs=9574332031,?323
https://m.media-amazon.com/images/I/71ltNtYxM+L._AC_UL320_ML3_.jpg,"Saffola FITTIFY Gourmet Superfood Moringa Green Tea, Lemongrass, 15 Sachets, 37.5g",,,,,https://www.amazon.in/Saffola-FITTIFY-Gourmet-Superfood-Lemongrass/dp/B07LDH28R1/ref=sr_1_269?dchild=1&fpw=pantry&qid=1587400148&s=pantry&sr=8-269&srs=9574332031,?220
https://m.media-amazon.com/images/I/61-ionOKwtL._AC_UL320_ML3_.jpg,"Enfagrow A+ Nutritional Milk Powder Health Drink for Children (2+ years), Vanilla 400g",,,,,https://www.amazon.in/Enfagrow-Nutritional-Powder-years-above/dp/B01HBP27CA/ref=sr_1_270?dchild=1&fpw=pantry&qid=1587400148&s=pantry&sr=8-270&srs=9574332031,?624
https://m.media-amazon.com/images/I/61ZKnB9JlzL._AC_UL320_ML3_.jpg,"Enfagrow A+ Nutritional Milk Powder Health Drink for Children (2+ years), Chocolate 400g",,,,,https://www.amazon.in/Enfagrow-Nutritional-Powder-years-above/dp/B01HBP29IM/ref=sr_1_271?dchild=1&fpw=pantry&qid=1587400148&s=pantry&sr=8-271&srs=9574332031,?624
https://m.media-amazon.com/images/I/71uRiluTtOL._AC_UL320_ML3_.jpg,"Saffola FITTIFY Gourmet, Hi Protein Slim Meal-Shake, Meal Replacement with 5 superfoods, Swiss Chocolate, 420 gm (12 Servings)",,,,,https://www.amazon.in/Saffola-FITTIFY-Gourmet-Hi-Protein-Shake/dp/B07LD9Y2PQ/ref=sr_1_272?dchild=1&fpw=pantry&qid=1587400148&s=pantry&sr=8-272&srs=9574332031,"?1,190"
https://m.media-amazon.com/images/I/71hDLzO-W0L._AC_UL320_ML3_.jpg,"Saffola FITTIFY Gourmet Superfood Moringa Green Tea, Jasmine, 15 Sachets, 37.5g",,,,,https://www.amazon.in/Saffola-FITTIFY-Gourmet-Superfood-Moringa/dp/B07LDG3R5H/ref=sr_1_273?dchild=1&fpw=pantry&qid=1587400148&s=pantry&sr=8-273&srs=9574332031,?220
https://m.media-amazon.com/images/I/71M8C4g8nIL._AC_UL320_ML3_.jpg,Gillette Skinguard Manual Shaving Razor Blades- pack of 2 cartridges,,,,,https://www.amazon.in/Gillette-Skinguard-Shaving-Blades-cartridges/dp/B07XY8Q2D9/ref=sr_1_274?dchild=1&fpw=pantry&qid=1587400148&s=pantry&sr=8-274&srs=9574332031,?349
https://m.media-amazon.com/images/I/61cKIBq1TuL._AC_UL320_ML3_.jpg,"Nature Crest Extra Light Olive Oil, 250 ml",,,,,https://www.amazon.in/Nature-Crest-Extra-Light-Olive/dp/B07TCPFRKY/ref=sr_1_275?dchild=1&fpw=pantry&qid=1587400148&s=pantry&sr=8-275&srs=9574332031,?189
https://m.media-amazon.com/images/I/71kq6Udw7ML._AC_UL320_ML3_.jpg,SimMom IQ+ Maternal Nutrition with DHA Health Drink - 400g  (Premium Chocolate Flavour),,,,,https://www.amazon.in/SimMom-Maternal-Nutrition-Health-Drink/dp/B078GCVHX4/ref=sr_1_276?dchild=1&fpw=pantry&qid=1587400148&s=pantry&sr=8-276&srs=9574332031,?467
https://m.media-amazon.com/images/I/41uUuoTKXpL._AC_UL320_ML3_.jpg,Odonil 1 Touch Air Sanitizer Natural Spring Combo - 7.8 g,,,,,,
https://m.media-amazon.com/images/I/91GoWoDyluL._AC_UL320_ML3_.jpg,"Amazon Brand - Vedaka Dubar Rice, 1kg",,,,,https://www.amazon.in/Vedaka-Dubar-Basmati-Rice-5kg/dp/B07JX125DZ/ref=sr_1_278?dchild=1&fpw=pantry&qid=1587400148&s=pantry&sr=8-278&srs=9574332031,?313
https://m.media-amazon.com/images/I/710rwrLYN6L._AC_UL320_ML3_.jpg,"Saffola FITTIFY Gourmet Superfood Moringa Green Tea, Moroccan Mint, 15 Sachets, 37.5g",,,,,https://www.amazon.in/Saffola-FITTIFY-Gourmet-Superfood-Moroccan/dp/B07LDF7G94/ref=sr_1_279?dchild=1&fpw=pantry&qid=1587400148&s=pantry&sr=8-279&srs=9574332031,?217
https://m.media-amazon.com/images/I/71TERsKGYgL._AC_UL320_ML3_.jpg,"Swiss Tempelle Body Lotion - Intense Nourishing, Beeswax, Marigold & Almond Milk, 250 ml",,,,,https://www.amazon.in/Swiss-Tempelle-Body-Lotion-Nourishing/dp/B082DGDQ5T/ref=sr_1_280?dchild=1&fpw=pantry&qid=1587400148&s=pantry&sr=8-280&srs=9574332031,?148
https://m.media-amazon.com/images/I/71ncVwFZM1L._AC_UL320_ML3_.jpg,"Coco Soul Cold Pressed Organic Virgin Coconut Oil, 500 ml",,,,,https://www.amazon.in/Coco-Soul-Pressed-Organic-Coconut/dp/B07D6X85PP/ref=sr_1_281?dchild=1&fpw=pantry&qid=1587400148&s=pantry&sr=8-281&srs=9574332031,?699
https://m.media-amazon.com/images/I/713mgUEesnL._AC_UL320_ML3_.jpg,"Amazon Brand - Solimo Whole Wheat Penne Pasta, 500g",,,,,https://www.amazon.in/Amazon-Brand-Solimo-Whole-Durum/dp/B07KZ5SPJ8/ref=sr_1_282?dchild=1&fpw=pantry&qid=1587400148&s=pantry&sr=8-282&srs=9574332031,?99
https://m.media-amazon.com/images/I/81LHofWdKBL._AC_UL320_ML3_.jpg,"Disano Pure Olive Oil, 1L (Pack of 2)",,,,,https://www.amazon.in/Disano-Pure-Olive-Oil-Pack/dp/B072MMWWQY/ref=sr_1_283?dchild=1&fpw=pantry&qid=1587400148&s=pantry&sr=8-283&srs=9574332031,"?1,225"
https://m.media-amazon.com/images/I/51r15sW4guL._AC_UL320_ML3_.jpg,"Love & Care Soft Woollens Expert Care Wash Liquid Detergent, 500 ml",,,,,https://www.amazon.in/Love-Care-Woollens-Expert-Detergent/dp/B07VWHGL27/ref=sr_1_284?dchild=1&fpw=pantry&qid=1587400148&s=pantry&sr=8-284&srs=9574332031,?149
https://m.media-amazon.com/images/I/81HmQ7gijdL._AC_UL320_ML3_.jpg,Pampers Active Baby Small Size Diapers (22 Count),,,,,https://www.amazon.in/Pampers-Active-Small-Diapers-Count/dp/B01CI1V3VI/ref=sr_1_285?dchild=1&fpw=pantry&qid=1587400148&s=pantry&sr=8-285&srs=9574332031,?348
https://m.media-amazon.com/images/I/71R9bay7fgL._AC_UL320_ML3_.jpg,"Saffola FITTIFY Gourmet Superfood Moringa Green Tea, Classic, 15 Sachets, 37.5g",,,,,https://www.amazon.in/Saffola-FITTIFY-Gourmet-Superfood-Moringa/dp/B07LDFJFJ4/ref=sr_1_286?dchild=1&fpw=pantry&qid=1587400148&s=pantry&sr=8-286&srs=9574332031,?220
https://m.media-amazon.com/images/I/61VwB4o5bHL._AC_UL320_ML3_.jpg,"Mother Earth Elaichi/Cardamom - Organic, 50g",,,,,,
https://m.media-amazon.com/images/I/71hw3P3zk5L._AC_UL320_ML3_.jpg,"Saffola FITTIFY Hi Protein Slim Meal-Shake, Meal Replacement with 5 superfoods, French Vanilla, 420 gm (12 Servings)-Buy One Get One Free",,,,,https://www.amazon.in/Saffola-FITTIFY-Gourmet-Hi-Protein-Shake/dp/B07LDFSNRP/ref=sr_1_288?dchild=1&fpw=pantry&qid=1587400148&s=pantry&sr=8-288&srs=9574332031,"?1,190"
https://m.media-amazon.com/images/I/81HmQ7gijdL._AC_UL320_ML3_.jpg,Pampers Active Baby Small Size Diapers (22 Count),,,,,https://www.amazon.in/Pampers-Active-Small-Diapers-Count/dp/B01CI1V3VI/ref=sr_1_289?dchild=1&fpw=pantry&qid=1587400153&s=pantry&sr=8-289&srs=9574332031,?348
https://m.media-amazon.com/images/I/71TERsKGYgL._AC_UL320_ML3_.jpg,"Swiss Tempelle Body Lotion - Intense Nourishing, Beeswax, Marigold & Almond Milk, 250 ml",,,,,https://www.amazon.in/Swiss-Tempelle-Body-Lotion-Nourishing/dp/B082DGDQ5T/ref=sr_1_290?dchild=1&fpw=pantry&qid=1587400153&s=pantry&sr=8-290&srs=9574332031,?148
https://m.media-amazon.com/images/I/614epG9foPL._AC_UL320_ML3_.jpg,Protinex Mama Tin - 250 g (Chocolate),,,,,https://www.amazon.in/Protinex-Mama-Tin-250-Chocolate/dp/B01GJRIVXA/ref=sr_1_291?dchild=1&fpw=pantry&qid=1587400153&s=pantry&sr=8-291&srs=9574332031,?360
https://m.media-amazon.com/images/I/51r15sW4guL._AC_UL320_ML3_.jpg,"Love & Care Soft Woollens Expert Care Wash Liquid Detergent, 500 ml",,,,,https://www.amazon.in/Love-Care-Woollens-Expert-Detergent/dp/B07VWHGL27/ref=sr_1_292?dchild=1&fpw=pantry&qid=1587400153&s=pantry&sr=8-292&srs=9574332031,?149
https://m.media-amazon.com/images/I/61VwB4o5bHL._AC_UL320_ML3_.jpg,"Mother Earth Elaichi/Cardamom - Organic, 50g",,,,,,
https://m.media-amazon.com/images/I/71seWu167rL._AC_UL320_ML3_.jpg,"Saffola FITTIFY Gourmet, Hi Protein Slim Meal-Shake, Meal Replacement with 5 superfoods, Coffee Caramel, 420 gm (12 Servings)",,,,,https://www.amazon.in/Saffola-FITTIFY-Gourmet-Hi-Protein-Shake/dp/B07LDG3NZM/ref=sr_1_294?dchild=1&fpw=pantry&qid=1587400153&s=pantry&sr=8-294&srs=9574332031,"?1,190"
https://m.media-amazon.com/images/I/71F4cntXAVL._AC_UL320_ML3_.jpg,"Saffola FITTIFY Gourmet, Hi Protein Slim Meal-Shake, Meal Replacement with 5 superfoods, Royal Kesar Pista, 420 gm (12 Servings)",,,,,https://www.amazon.in/Saffola-FITTIFY-Gourmet-Hi-Protein-Shake/dp/B07LDF3DYY/ref=sr_1_295?dchild=1&fpw=pantry&qid=1587400153&s=pantry&sr=8-295&srs=9574332031,"?1,190"
https://m.media-amazon.com/images/I/61U0f-LEmFL._AC_UL320_ML3_.jpg,"Pro Nature 100% Organic Quinoa, 500g",,,,,https://www.amazon.in/Pro-Nature-100-Organic-Quinoa/dp/B075MMWGDN/ref=sr_1_296?dchild=1&fpw=pantry&qid=1587400153&s=pantry&sr=8-296&srs=9574332031,?232
https://m.media-amazon.com/images/I/7135ZtVcqUL._AC_UL320_ML3_.jpg,"Nestle Nan Pro 4 Follow-Up Infant Formula Powder, After 18 months, 400g",,,,,,
https://m.media-amazon.com/images/I/81K7WNH0rHL._AC_UL320_ML3_.jpg,TE-A-ME Assorted Green Tea Gift Box,,,,,https://www.amazon.in/TE-ME-Assorted-Green-Teas/dp/B077TT172W/ref=sr_1_298?dchild=1&fpw=pantry&qid=1587400153&s=pantry&sr=8-298&srs=9574332031,?425
https://m.media-amazon.com/images/I/5189cznVWFL._AC_UL320_ML3_.jpg,Divine India Body Lotion - Rich Essential Oils for Skin Nourishment - Enriched with Apricot and Almond Oil - 200 ml,,,,,https://www.amazon.in/Divine-India-Body-Lotion-Nourishment/dp/B07R59PTRG/ref=sr_1_299?dchild=1&fpw=pantry&qid=1587400153&s=pantry&sr=8-299&srs=9574332031,?159
https://m.media-amazon.com/images/I/61s8J22WiGL._AC_UL320_ML3_.jpg,"Amazon Brand - Presto! Disinfectant Toilet Cleaner, Orange - 500 ml",,,,,https://www.amazon.in/Amazon-Brand-Presto-Disinfectant-Cleaner/dp/B07RVY7ZCM/ref=sr_1_300?dchild=1&fpw=pantry&qid=1587400153&s=pantry&sr=8-300&srs=9574332031,?74
https://m.media-amazon.com/images/I/41DiyH7WTAL._AC_UL320_ML3_.jpg,Odonil One Touch Air Sanitizer Freshener - Floral Bouquet Combo - (1 Dispenser + 7.8g/12ml refill),,,,,,
https://m.media-amazon.com/images/I/61GgeeGGNgL._AC_UL320_ML3_.jpg,Sugar Free Gold 500 Pellets,,,,,https://www.amazon.in/Sugar-Free-Gold-500-Pellets/dp/B07S7R628J/ref=sr_1_302?dchild=1&fpw=pantry&qid=1587400153&s=pantry&sr=8-302&srs=9574332031,?237
https://m.media-amazon.com/images/I/71U+yc3PKML._AC_UL320_ML3_.jpg,"Saffola Aura Refined Olive and Flaxseed Oil, 1L",,,,,https://www.amazon.in/Saffola-Aura-Refined-Olive-Flaxseed/dp/B0711THQFX/ref=sr_1_303?dchild=1&fpw=pantry&qid=1587400153&s=pantry&sr=8-303&srs=9574332031,?999
https://m.media-amazon.com/images/I/815c+HfAwwL._AC_UL320_ML3_.jpg,Venus Crème Bar - 375g (Pack of 3),,,,,https://www.amazon.in/Venus-Cr%C3%A8me-Bar-375g-Pack/dp/B07CL3MJCR/ref=sr_1_304?dchild=1&fpw=pantry&qid=1587400153&s=pantry&sr=8-304&srs=9574332031,?98
https://m.media-amazon.com/images/I/811C2YdITWL._AC_UL320_ML3_.jpg,Divine India Orange Face Wash 200 Ml,,,,,https://www.amazon.in/Divine-India-Orange-Face-Wash/dp/B07R7C9H6W/ref=sr_1_305?dchild=1&fpw=pantry&qid=1587400153&s=pantry&sr=8-305&srs=9574332031,?149
https://m.media-amazon.com/images/I/71QUV1K5F1L._AC_UL320_ML3_.jpg,"Pampers Premium Care Pants Diapers, Large, 20 Count",,,,,https://www.amazon.in/Pampers-Premium-Pants-Diapers-Large/dp/B07DM4MTBH/ref=sr_1_306?dchild=1&fpw=pantry&qid=1587400153&s=pantry&sr=8-306&srs=9574332031,?475
https://m.media-amazon.com/images/I/71pKbLpuZPL._AC_UL320_ML3_.jpg,"India Gate Quinoa, 500g",,,,,https://www.amazon.in/India-Gate-Quinoa-500g/dp/B0714KX8R2/ref=sr_1_307?dchild=1&fpw=pantry&qid=1587400153&s=pantry&sr=8-307&srs=9574332031,?116
https://m.media-amazon.com/images/I/81vF4d0iH7L._AC_UL320_ML3_.jpg,Bella Herbs Sanitary Pads with Tilia Flower - 12 Pieces (Pack of 3),,,,,https://www.amazon.in/Bella-Herbs-Sanitary-Tilia-Flower/dp/B077BNR7TG/ref=sr_1_308?dchild=1&fpw=pantry&qid=1587400153&s=pantry&sr=8-308&srs=9574332031,?224
https://m.media-amazon.com/images/I/71Es7yjLvYL._AC_UL320_ML3_.jpg,Palmolive Bodywash Luminous Oils Invigorating Shower Gel - 250ml Bottle (Pack of 2),,,,,https://www.amazon.in/Palmolive-Bodywash-Luminous-Invigorating-Shower/dp/B07VNRB3KW/ref=sr_1_309?dchild=1&fpw=pantry&qid=1587400153&s=pantry&sr=8-309&srs=9574332031,?398
https://m.media-amazon.com/images/I/813+qvnw+oL._AC_UL320_ML3_.jpg,Protinex Junior - 400 g (Chocolate),,,,,https://www.amazon.in/Protinex-Junior-400-g-Chocolate/dp/B01GJRJ526/ref=sr_1_310?dchild=1&fpw=pantry&qid=1587400153&s=pantry&sr=8-310&srs=9574332031,?695
https://m.media-amazon.com/images/I/51DnbRSWrcL._AC_UL320_ML3_.jpg,Divine India Shower Gel - Herbal Skin Nourisher and Body Odour Remover - 200 Ml,,,,,https://www.amazon.in/Divine-India-Shower-Gel-Nourisher/dp/B07R68GGX3/ref=sr_1_311?dchild=1&fpw=pantry&qid=1587400153&s=pantry&sr=8-311&srs=9574332031,?169
https://m.media-amazon.com/images/I/71n0hVhNfmL._AC_UL320_ML3_.jpg,"Protinex Lite Vanilla, 250g",,,,,https://www.amazon.in/Protinex-Lite-Vanilla-250g/dp/B07MWNZC4W/ref=sr_1_312?dchild=1&fpw=pantry&qid=1587400153&s=pantry&sr=8-312&srs=9574332031,?608
https://m.media-amazon.com/images/I/91AoJLx8+mL._AC_UL320_ML3_.jpg,"Pro Nature 100% Organic Whole Wheat Atta, 1kg",,,,,,
https://m.media-amazon.com/images/I/61PgV4MOe5L._AC_UL320_ML3_.jpg,Sugar Free Natura Pellets 42.5g  500 Pellets,,,,,https://www.amazon.in/Sugar-Free-Natura-Pellets-500/dp/B07H37JGGM/ref=sr_1_314?dchild=1&fpw=pantry&qid=1587400153&s=pantry&sr=8-314&srs=9574332031,?270
https://m.media-amazon.com/images/I/81hlHd9ZJUL._AC_UL320_ML3_.jpg,"Oleev Health Pouch , 1L",,,,,https://www.amazon.in/Oleev-Health-Pouch-1L/dp/B071K8X8S9/ref=sr_1_315?dchild=1&fpw=pantry&qid=1587400153&s=pantry&sr=8-315&srs=9574332031,?158
https://m.media-amazon.com/images/I/71JlWpLL0iL._AC_UL320_ML3_.jpg,"Saffola FITTIFY Gourmet, Hi Protein Slim Meal-Shake, Meal Replacement with 5 superfoods, Alphonso Mango, 420 gm (12 Servings)",,,,,https://www.amazon.in/Saffola-FITTIFY-Gourmet-Hi-Protein-Shake/dp/B07LD99R48/ref=sr_1_316?dchild=1&fpw=pantry&qid=1587400153&s=pantry&sr=8-316&srs=9574332031,"?1,190"
https://m.media-amazon.com/images/I/61l+iBWkL1L._AC_UL320_ML3_.jpg,"Amazon Brand - Presto! Disinfectant Toilet Cleaner, Rose - 500 ml",,,,,https://www.amazon.in/Amazon-Brand-Presto-Disinfectant-Cleaner/dp/B07RRPHC7N/ref=sr_1_317?dchild=1&fpw=pantry&qid=1587400153&s=pantry&sr=8-317&srs=9574332031,?74
https://m.media-amazon.com/images/I/81H0RH4ISpL._AC_UL320_ML3_.jpg,"Huggies New Dry Large Size Diapers, 30 Count",,,,,https://www.amazon.in/Huggies-Large-Size-Diapers-Count/dp/B07PZPQ5DP/ref=sr_1_318?dchild=1&fpw=pantry&qid=1587400153&s=pantry&sr=8-318&srs=9574332031,?404
https://m.media-amazon.com/images/I/815U2p3co9L._AC_UL320_ML3_.jpg,"Pampers New Diapers Pants, Medium, 20 Count",,,,,https://www.amazon.in/Pampers-Diapers-Pants-Medium-Count/dp/B07DPXB25J/ref=sr_1_319?dchild=1&fpw=pantry&qid=1587400153&s=pantry&sr=8-319&srs=9574332031,?274
https://m.media-amazon.com/images/I/71O0kye14KL._AC_UL320_ML3_.jpg,"Bagrrys Healthy Crunch Muesli with Almonds and Raisins, 500g",,,,,https://www.amazon.in/Bagrrys-Healthy-Crunch-Almonds-Raisins/dp/B078HT8GKN/ref=sr_1_320?dchild=1&fpw=pantry&qid=1587400153&s=pantry&sr=8-320&srs=9574332031,?304
https://m.media-amazon.com/images/I/71Ec6Ijh+QL._AC_UL320_ML3_.jpg,"Lotus Herbals Safe Sun Sunscreen Face Wash Gel, 80g",,,,,https://www.amazon.in/Lotus-Herbals-Safe-Sunscreen-Face/dp/B01LZVGECG/ref=sr_1_321?dchild=1&fpw=pantry&qid=1587400153&s=pantry&sr=8-321&srs=9574332031,?174
https://m.media-amazon.com/images/I/61DN7KXzMPL._AC_UL320_ML3_.jpg,"Dermafique Acne Avert Cleansing Mousse, 150ml",,,,,https://www.amazon.in/Dermafique-Avert-Cleansing-Mousse-150ml/dp/B07PT58V94/ref=sr_1_322?dchild=1&fpw=pantry&qid=1587400153&s=pantry&sr=8-322&srs=9574332031,?448
https://m.media-amazon.com/images/I/6167s5QUAlL._AC_UL320_ML3_.jpg,"Saffola Aura Extra Virgin Olive and Flaxseed Oil, 1 L",,,,,https://www.amazon.in/Saffola-Extra-Virgin-Olive-Flaxseed/dp/B07G353M4S/ref=sr_1_323?dchild=1&fpw=pantry&qid=1587400153&s=pantry&sr=8-323&srs=9574332031,?999
https://m.media-amazon.com/images/I/71MG0jhBR9L._AC_UL320_ML3_.jpg,"TE-A-ME Apple Cinnamon Herbal Infusion Tea, ICE Tea, Pack of 25 Tea Bags",,,,,,
https://m.media-amazon.com/images/I/51LqFRqTtAL._AC_UL320_ML3_.jpg,"Lotus Herbals Almondnourish Daily Nourishing Body Lotion SPF-20, 250ml",,,,,https://www.amazon.in/Lotus-Herbals-Almondnourish-Nourishing-Lotion/dp/B01LX9OFHG/ref=sr_1_325?dchild=1&fpw=pantry&qid=1587400153&s=pantry&sr=8-325&srs=9574332031,?269
https://m.media-amazon.com/images/I/81tp1IMIARL._AC_UL320_ML3_.jpg,Huggies Wonder Pants Extra Large Size Diaper (20 Count),,,,,https://www.amazon.in/Huggies-Wonder-Pants-Extra-Diaper/dp/B07PYKVC9F/ref=sr_1_326?dchild=1&fpw=pantry&qid=1587400153&s=pantry&sr=8-326&srs=9574332031,?398
https://m.media-amazon.com/images/I/81aC+PWgO0L._AC_UL320_ML3_.jpg,"More Life Green Tea Bag Pure Box, 25 Number Box with 5 Number Box",,,,,https://www.amazon.in/More-Life-Green-Pure-Number/dp/B07KSQP1GQ/ref=sr_1_327?dchild=1&fpw=pantry&qid=1587400153&s=pantry&sr=8-327&srs=9574332031,?121
https://m.media-amazon.com/images/I/71ohe-QKY-L._AC_UL320_ML3_.jpg,"Del Monte Green Pitted Olive, 450g",,,,,https://www.amazon.in/Del-Monte-Green-Pitted-Olive/dp/B082D4XTRP/ref=sr_1_328?dchild=1&fpw=pantry&qid=1587400153&s=pantry&sr=8-328&srs=9574332031,?189
https://m.media-amazon.com/images/I/71fMscXioPL._AC_UL320_ML3_.jpg,SimMom IQ+ Maternal Nutrition with DHA Health Drink - 400g (Vanilla),,,,,https://www.amazon.in/SimMom-Maternal-Nutrition-Health-Drink/dp/B0781VN7BX/ref=sr_1_329?dchild=1&fpw=pantry&qid=1587400153&s=pantry&sr=8-329&srs=9574332031,?467
https://m.media-amazon.com/images/I/51xMvB5pAwL._AC_UL320_ML3_.jpg,"Patanjali Anti Wrinkle Cream, 50g",,,,,https://www.amazon.in/Patanjali-Tejus-Anti-Wrinkle-Cream/dp/B01HBA9DDQ/ref=sr_1_330?dchild=1&fpw=pantry&qid=1587400153&s=pantry&sr=8-330&srs=9574332031,?149
https://m.media-amazon.com/images/I/81KHInNusGL._AC_UL320_ML3_.jpg,Surf Excel Matic Liquid Detergent Top Load - 500 ml,,,,,https://www.amazon.in/Surf-Excel-Matic-Liquid-Detergent/dp/B01GJRC7ZS/ref=sr_1_331?dchild=1&fpw=pantry&qid=1587400153&s=pantry&sr=8-331&srs=9574332031,?98
https://m.media-amazon.com/images/I/61EziLBlrvL._AC_UL320_ML3_.jpg,Nature Crest Premium Extracts Pomace Olive Oil - 500ml,,,,,https://www.amazon.in/Nature-Crest-Pomace-Olive-Oil/dp/B07TDT2BJF/ref=sr_1_332?dchild=1&fpw=pantry&qid=1587400153&s=pantry&sr=8-332&srs=9574332031,?259
https://m.media-amazon.com/images/I/716XQBrVAML._AC_UL320_ML3_.jpg,"Happilo Premium Dried Whole Blueberry Cranberry Duet, 200g (Pack of 5)",,,,,https://www.amazon.in/Happilo-Premium-Dried-Blueberry-Cranberry/dp/B0784CPWGZ/ref=sr_1_333?dchild=1&fpw=pantry&qid=1587400153&s=pantry&sr=8-333&srs=9574332031,"?1,520"
https://m.media-amazon.com/images/I/81sDomVVjvL._AC_UL320_ML3_.jpg,Bella Regular Drai Wings Classic Sanitary Napkins - 8 Pieces (Pack of 6),,,,,https://www.amazon.in/Bella-Regular-Classic-Sanitary-Napkins/dp/B077BV4BV5/ref=sr_1_334?dchild=1&fpw=pantry&qid=1587400153&s=pantry&sr=8-334&srs=9574332031,?197
https://m.media-amazon.com/images/I/613dhNdGQ9L._AC_UL320_ML3_.jpg,"Nature Crest Extra Light Olive Oil, 500 ml",,,,,https://www.amazon.in/Nature-Crest-Extra-Light-Olive/dp/B07TCPGLHN/ref=sr_1_335?dchild=1&fpw=pantry&qid=1587400153&s=pantry&sr=8-335&srs=9574332031,?365
https://m.media-amazon.com/images/I/81LIZKCigML._AC_UL320_ML3_.jpg,"Pampers New Born Size Pants Diapers, 60 Pieces",,,,,https://www.amazon.in/Pampers-Born-Pants-Diapers-Pieces/dp/B0781VL6HF/ref=sr_1_336?dchild=1&fpw=pantry&qid=1587400153&s=pantry&sr=8-336&srs=9574332031,?673
https://m.media-amazon.com/images/I/41G2i5AdQKL._AC_UL320_ML3_.jpg,"Patanjali Shishu Care Small Size Baby Diaper, 46 Count",,,,,https://www.amazon.in/Patanjali-Shishu-Small-Diaper-Count/dp/B07L5TQMT5/ref=sr_1_337?dchild=1&fpw=pantry&qid=1587400157&s=pantry&sr=8-337&srs=9574332031,?448
https://m.media-amazon.com/images/I/71jzh2vIILL._AC_UL320_ML3_.jpg,Organic Super Grain Quinoa 500g,,,,,https://www.amazon.in/24Mantra-24-Mantra-Quinoa-500g/dp/B077VLC812/ref=sr_1_338?dchild=1&fpw=pantry&qid=1587400157&s=pantry&sr=8-338&srs=9574332031,?190
https://m.media-amazon.com/images/I/815U2p3co9L._AC_UL320_ML3_.jpg,"Pampers New Diapers Pants, Medium, 20 Count",,,,,https://www.amazon.in/Pampers-Diapers-Pants-Medium-Count/dp/B07DPXB25J/ref=sr_1_339?dchild=1&fpw=pantry&qid=1587400157&s=pantry&sr=8-339&srs=9574332031,?274
https://m.media-amazon.com/images/I/81faw+1TJvL._AC_UL320_ML3_.jpg,"Disano Olive Pomace Oil, 5L Tin",,,,,https://www.amazon.in/Disano-Olive-Pomace-Oil-Tin/dp/B01MTSCY6P/ref=sr_1_340?dchild=1&fpw=pantry&qid=1587400157&s=pantry&sr=8-340&srs=9574332031,"?1,699"
https://m.media-amazon.com/images/I/8167Zpk0oeL._AC_UL320_ML3_.jpg,"Leonardo Extra Light Olive Oil Bottle, 2L",,,,,https://www.amazon.in/Leonardo-Extra-Light-Olive-Bottle/dp/B01H5M11YO/ref=sr_1_341?dchild=1&fpw=pantry&qid=1587400157&s=pantry&sr=8-341&srs=9574332031,"?2,798"
https://m.media-amazon.com/images/I/61aJma-bVxL._AC_UL320_ML3_.jpg,Bragg Organic Raw Apple Cider Vinegar - 473 ml,,,,,https://www.amazon.in/Bragg-Organic-Apple-Cider-Vinegar/dp/B07RNKF7W4/ref=sr_1_342?dchild=1&fpw=pantry&qid=1587400157&s=pantry&sr=8-342&srs=9574332031,?639
https://m.media-amazon.com/images/I/71Arl5PMXGL._AC_UL320_ML3_.jpg,"Lotus Herbals Papayablem Papaya-n-Saffron Anti-Blemish Cream, 50g",,,,,https://www.amazon.in/Lotus-Herbals-Papayablem-Saffron-Blemish/dp/B01LWM7Z1Q/ref=sr_1_343?dchild=1&fpw=pantry&qid=1587400157&s=pantry&sr=8-343&srs=9574332031,?452
https://m.media-amazon.com/images/I/61xtssH7o1L._AC_UL320_ML3_.jpg,Palmolive Skin Therapy Facial Bar Soap with Vitamin C and E - 75g (Pack of 4),,,,,https://www.amazon.in/Palmolive-Skin-Therapy-Facial-Vitamin/dp/B07H2VGXN8/ref=sr_1_344?dchild=1&fpw=pantry&qid=1587400157&s=pantry&sr=8-344&srs=9574332031,?217
https://m.media-amazon.com/images/I/61PgV4MOe5L._AC_UL320_ML3_.jpg,Sugar Free Natura Pellets 42.5g  500 Pellets,,,,,https://www.amazon.in/Sugar-Free-Natura-Pellets-500/dp/B07H37JGGM/ref=sr_1_345?dchild=1&fpw=pantry&qid=1587400157&s=pantry&sr=8-345&srs=9574332031,?270
https://m.media-amazon.com/images/I/71LWhaS33xL._AC_UL320_ML3_.jpg,"Coco Soul Infused Cold Pressed Virgin Coconut Oil, Curry Coriander, 250ml",,,,,https://www.amazon.in/Coco-Soul-Coriander-Infused-Bottle/dp/B07LDHKXYL/ref=sr_1_346?dchild=1&fpw=pantry&qid=1587400157&s=pantry&sr=8-346&srs=9574332031,?349
https://m.media-amazon.com/images/I/71kRFIgLxGL._AC_UL320_ML3_.jpg,"Saffola FITTIFY Gourmet, Hi Protein Slim Meal-Shake, Meal Replacement with 5 superfoods, Pistachio Almond, 420 gm (12 Servings)",,,,,https://www.amazon.in/Saffola-FITTIFY-Gourmet-Hi-Protein-Shake/dp/B07LD7KY8Q/ref=sr_1_347?dchild=1&fpw=pantry&qid=1587400157&s=pantry&sr=8-347&srs=9574332031,"?1,190"
https://m.media-amazon.com/images/I/512oNo6rXyL._AC_UL320_ML3_.jpg,Pond's Vitamin Micellar Water Hydrating Aloe Vera 105 ml,,,,,https://www.amazon.in/Ponds-Vitamin-Micellar-Water-Hydrating/dp/B07Y8G1NVN/ref=sr_1_348?dchild=1&fpw=pantry&qid=1587400157&s=pantry&sr=8-348&srs=9574332031,?125
https://m.media-amazon.com/images/I/510ykG-gIkL._AC_UL320_ML3_.jpg,"Love & Care Soft Woollens Expert Care Wash Liquid Detergent, 950 ml",,,,,https://www.amazon.in/Love-Care-Woollens-Expert-Detergent/dp/B07VZPNFWS/ref=sr_1_349?dchild=1&fpw=pantry&qid=1587400157&s=pantry&sr=8-349&srs=9574332031,?299
https://m.media-amazon.com/images/I/41iMOnFKL2L._AC_UL320_ML3_.jpg,"Patanjali Shishu Care Medium Size Baby Diaper, 36 Count",,,,,https://www.amazon.in/Patanjali-Shishu-Medium-Diaper-Count/dp/B07L5TXPY4/ref=sr_1_350?dchild=1&fpw=pantry&qid=1587400157&s=pantry&sr=8-350&srs=9574332031,?388
https://m.media-amazon.com/images/I/61Zg4HZlrML._AC_UL320_ML3_.jpg,"Pro Nature 100% Organic Chia Seeds, 150g",,,,,https://www.amazon.in/Pro-Nature-100-Organic-Seeds/dp/B07PB3VLPZ/ref=sr_1_351?dchild=1&fpw=pantry&qid=1587400157&s=pantry&sr=8-351&srs=9574332031,?162
https://m.media-amazon.com/images/I/61-Qv2Cpa-L._AC_UL320_ML3_.jpg,Biotique Bio quince seed Nourishing Facel Massage Cream (175 gm),,,,,https://www.amazon.in/Biotique-quince-Nourishing-Facel-Massage/dp/B01MSPSR47/ref=sr_1_352?dchild=1&fpw=pantry&qid=1587400157&s=pantry&sr=8-352&srs=9574332031,?519
https://m.media-amazon.com/images/I/71h6ZLwLeAL._AC_UL320_ML3_.jpg,"Gits Sambhar Mix, 1kg",,,,,https://www.amazon.in/Gits-Sambhar-Mix-1kg/dp/B01H5L9ITK/ref=sr_1_353?dchild=1&fpw=pantry&qid=1587400157&s=pantry&sr=8-353&srs=9574332031,?330
https://m.media-amazon.com/images/I/51FTEz1FAJL._AC_UL320_ML3_.jpg,Divine India Herbal Hair Conditioner with Aloe Vera - Ayurvedic 200 Ml,,,,,https://www.amazon.in/Divine-India-Herbal-Hair-Conditioner/dp/B07R49CPQC/ref=sr_1_354?dchild=1&fpw=pantry&qid=1587400157&s=pantry&sr=8-354&srs=9574332031,?179
https://m.media-amazon.com/images/I/61naaJol0xL._AC_UL320_ML3_.jpg,"Palmolive Skin Therapy Vitamin C and E Soap, 75g with Palmolive Aroma Therapy Morning Tonic Shower Gel, 250ml",,,,,https://www.amazon.in/Palmolive-Therapy-Vitamin-Morning-Shower/dp/B07HHFKGFL/ref=sr_1_355?dchild=1&fpw=pantry&qid=1587400157&s=pantry&sr=8-355&srs=9574332031,?204
https://m.media-amazon.com/images/I/51rDoZrGpCL._AC_UL320_ML3_.jpg,Bragg Organic Raw Unfiltered Apple Cider Vinegar - 946 ml,,,,,https://www.amazon.in/Bragg-Organic-Unfiltered-Apple-Vinegar/dp/B07RNKFSWG/ref=sr_1_356?dchild=1&fpw=pantry&qid=1587400157&s=pantry&sr=8-356&srs=9574332031,?979
https://m.media-amazon.com/images/I/81o2vYgf8KL._AC_UL320_ML3_.jpg,Kare Med Adult Diapers - Medium 10 Count (76cm - 114cm),,,,,https://www.amazon.in/Kare-Med-Adult-Unisex-Diapers/dp/B072KGZGM4/ref=sr_1_357?dchild=1&fpw=pantry&qid=1587400157&s=pantry&sr=8-357&srs=9574332031,?499
https://m.media-amazon.com/images/I/813j1KqTWfL._AC_UL320_ML3_.jpg,Seni Soft Comfort Underpads - 1 PC,,,,,https://www.amazon.in/Seni-Soft-Comfort-Underpads/dp/B0781VN7BZ/ref=sr_1_358?dchild=1&fpw=pantry&qid=1587400157&s=pantry&sr=8-358&srs=9574332031,?119
https://m.media-amazon.com/images/I/51kToj1ajBL._AC_UL320_ML3_.jpg,"Dermafique Vitality Flash Facial Cleanser | 100 ml | exfoliates dead cells, for normal to oily skin, soap free, dermatologist tested",,,,,https://www.amazon.in/Dermafique-Vitality-Flash-Facial-Cleanser/dp/B07PS3DSZS/ref=sr_1_359?dchild=1&fpw=pantry&qid=1587400157&s=pantry&sr=8-359&srs=9574332031,?178
https://m.media-amazon.com/images/I/81apXHOWheL._AC_UL320_ML3_.jpg,Pampers Small Size Diaper Pants (20 Count),,,,,https://www.amazon.in/Pampers-Small-Diaper-Pants-Count/dp/B07176BLQ9/ref=sr_1_360?dchild=1&fpw=pantry&qid=1587400157&s=pantry&sr=8-360&srs=9574332031,?228
https://m.media-amazon.com/images/I/61ackSv6U1L._AC_UL320_ML3_.jpg,"Del Monte Black Pitted Olive, 450g",,,,,https://www.amazon.in/Del-Monte-Black-Pitted-Olive/dp/B082D5QM19/ref=sr_1_361?dchild=1&fpw=pantry&qid=1587400157&s=pantry&sr=8-361&srs=9574332031,?184
https://m.media-amazon.com/images/I/51p3aweIUeL._AC_UL320_ML3_.jpg,"Del Monte Fiesta Fruit Cocktail, 850g",,,,,https://www.amazon.in/Del-Monte-Fiesta-Fruit-Cocktail/dp/B082DFT6VD/ref=sr_1_362?dchild=1&fpw=pantry&qid=1587400157&s=pantry&sr=8-362&srs=9574332031,?162
https://m.media-amazon.com/images/I/71D6CYkbIjL._AC_UL320_ML3_.jpg,"Disano Aloe Vera Juice, 500ml",,,,,https://www.amazon.in/Disano-Aloe-Vera-Juice-500ml/dp/B07LCR5LB6/ref=sr_1_363?dchild=1&fpw=pantry&qid=1587400157&s=pantry&sr=8-363&srs=9574332031,?120
https://m.media-amazon.com/images/I/81Nl3VveVcL._AC_UL320_ML3_.jpg,"Pampers New Diaper Pants, Small, 2 Count",,,,,https://www.amazon.in/Pampers-Small-Diapers-Pants-Count/dp/B07DPXM9R4/ref=sr_1_364?dchild=1&fpw=pantry&qid=1587400157&s=pantry&sr=8-364&srs=9574332031,?20
https://m.media-amazon.com/images/I/61-r-65aQgL._AC_UL320_ML3_.jpg,Huggies Ultra Soft Small Size Premium Diapers Pants for Boys (36 Counts),,,,,https://www.amazon.in/Huggies-Ultra-Premium-Diapers-Counts/dp/B06X1F9PHS/ref=sr_1_365?dchild=1&fpw=pantry&qid=1587400157&s=pantry&sr=8-365&srs=9574332031,?598
https://m.media-amazon.com/images/I/81RdbjEQo0L._AC_UL320_ML3_.jpg,Huggies Wonder Pants Large Size Diaper Pants (20 Count),,,,,https://www.amazon.in/Huggies-Wonder-Pants-Large-Diaper/dp/B07PZPSTVW/ref=sr_1_366?dchild=1&fpw=pantry&qid=1587400157&s=pantry&sr=8-366&srs=9574332031,?349
https://m.media-amazon.com/images/I/81Z2B1yNPYL._AC_UL320_ML3_.jpg,Huggies Wonder Pants Medium Size Diaper Pants (20 Count),,,,,https://www.amazon.in/Huggies-Wonder-Pants-Medium-Diaper/dp/B07Q1S4ZJH/ref=sr_1_367?dchild=1&fpw=pantry&qid=1587400157&s=pantry&sr=8-367&srs=9574332031,?275
https://m.media-amazon.com/images/I/61RM4zrMfvL._AC_UL320_ML3_.jpg,"Enfagrow A+ Nutritional Milk Powder Health Drink for Children (2+ years), Vanilla 750g",,,,,https://www.amazon.in/Enfagrow-Vanilla-BIB-Refill-750g/dp/B078WPY3LD/ref=sr_1_368?dchild=1&fpw=pantry&qid=1587400157&s=pantry&sr=8-368&srs=9574332031,"?1,114"
https://m.media-amazon.com/images/I/61Tz2-trK+L._AC_UL320_ML3_.jpg,Glucon-D Glucose Based Beverage Mix - 450 g Carton (Nimbu Pani),,,,,https://www.amazon.in/Glucon-D-Glucose-Based-Beverage-Mix/dp/B07NLN5CHB/ref=sr_1_369?dchild=1&fpw=pantry&qid=1587400157&s=pantry&sr=8-369&srs=9574332031,?147
https://m.media-amazon.com/images/I/51lmv4v8lVL._AC_UL320_ML3_.jpg,"Del Monte Peach Halves, 825g",,,,,https://www.amazon.in/Del-Monte-Peach-Halves-825g/dp/B0831N6923/ref=sr_1_370?dchild=1&fpw=pantry&qid=1587400157&s=pantry&sr=8-370&srs=9574332031,?291
https://m.media-amazon.com/images/I/91OOoYyFvGL._AC_UL320_ML3_.jpg,"Golden Prize Sardine in Brine, 200g",,,,,https://www.amazon.in/Golden-Prize-Sardine-Brine-200g/dp/B074WC7K8R/ref=sr_1_371?dchild=1&fpw=pantry&qid=1587400157&s=pantry&sr=8-371&srs=9574332031,?108
https://m.media-amazon.com/images/I/71IwJC8jwlL._AC_UL320_ML3_.jpg,KamaSutra XX-Perfumed Deo Spray-120ml,,,,,https://www.amazon.in/KS-XX-Perfumed-Spray-120ml/dp/B01CGFCTVY/ref=sr_1_372?dchild=1&fpw=pantry&qid=1587400157&s=pantry&sr=8-372&srs=9574332031,?220
https://m.media-amazon.com/images/I/81wVTuhqnpL._AC_UL320_ML3_.jpg,"Olivana Olive Oil, 200ml",,,,,https://www.amazon.in/Olivana-Olive-Oil-200ml/dp/B0721MZXZ7/ref=sr_1_373?dchild=1&fpw=pantry&qid=1587400157&s=pantry&sr=8-373&srs=9574332031,?224
https://m.media-amazon.com/images/I/A1CQSIZpGSL._AC_UL320_ML3_.jpg,"Del Monte Pine Tidbits, 836g",,,,,https://www.amazon.in/Del-Monte-Pine-Tidbits-836g/dp/B01L77HQD8/ref=sr_1_374?dchild=1&fpw=pantry&qid=1587400157&s=pantry&sr=8-374&srs=9574332031,?165
https://m.media-amazon.com/images/I/61AF1lRIpKL._AC_UL320_ML3_.jpg,"Lotus Herbals Wheatnourish Wheatgerm Oil and Honey Nourishment Massage Cream, 50g",,,,,https://www.amazon.in/Lotus-Herbals-Wheatnourish-Wheatgerm-Nourishment/dp/B01M0765ZI/ref=sr_1_375?dchild=1&fpw=pantry&qid=1587400157&s=pantry&sr=8-375&srs=9574332031,?374
https://m.media-amazon.com/images/I/51vMMntV4KL._AC_UL320_ML3_.jpg,"Golden Prize Tuna Chunks in Brine, 185g",,,,,https://www.amazon.in/Golden-Prize-Tuna-Chunks-Brine/dp/B074WC7PC9/ref=sr_1_376?dchild=1&fpw=pantry&qid=1587400157&s=pantry&sr=8-376&srs=9574332031,?168
https://m.media-amazon.com/images/I/81CN4h20aqL._AC_UL320_ML3_.jpg,"Maybelline New York Colossal Kajal, Black, Combo Pack of 3",,,,,https://www.amazon.in/Maybelline-Colossal-Kajal-Black-Combo/dp/B083485LBS/ref=sr_1_377?dchild=1&fpw=pantry&qid=1587400157&s=pantry&sr=8-377&srs=9574332031,?392.48
https://m.media-amazon.com/images/I/619KwOh88xL._AC_UL320_ML3_.jpg,"Mother Earth Flax Seeds - Organic, 100g",,,,,,
https://m.media-amazon.com/images/I/41lq+5-XROL._AC_UL320_ML3_.jpg,"Patanjali Shishu Care Large Size Baby Diaper, 34 Count",,,,,https://www.amazon.in/Patanjali-Shishu-Large-Diaper-Count/dp/B07L5GPCYZ/ref=sr_1_379?dchild=1&fpw=pantry&qid=1587400157&s=pantry&sr=8-379&srs=9574332031,?448
https://m.media-amazon.com/images/I/61EJMezuEJL._AC_UL320_ML3_.jpg,"Huggies Wonder Extra Small Size Diaper Pants, 24 Count",,,,,https://www.amazon.in/Huggies-Wonder-Extra-Small-Diaper/dp/B07KK3L1WJ/ref=sr_1_380?dchild=1&fpw=pantry&qid=1587400157&s=pantry&sr=8-380&srs=9574332031,?198
https://m.media-amazon.com/images/I/61ddxRzIRBL._AC_UL320_ML3_.jpg,"Garnier Skin Naturals Nourishing Cold Cream, 40g",,,,,https://www.amazon.in/Garnier-Skin-Naturals-Nourishing-Cream/dp/B01N7OGC4P/ref=sr_1_381?dchild=1&fpw=pantry&qid=1587400157&s=pantry&sr=8-381&srs=9574332031,?150
https://m.media-amazon.com/images/I/41Qj2qM97oL._AC_UL320_ML3_.jpg,"Mazzetti Cremoso, 215ml",,,,,https://www.amazon.in/Mazzetti-Cremoso-215ml/dp/B06XPF9KT4/ref=sr_1_382?dchild=1&fpw=pantry&qid=1587400157&s=pantry&sr=8-382&srs=9574332031,?549
https://m.media-amazon.com/images/I/71qJO2ARznL._AC_UL320_ML3_.jpg,"Happilo Premium Dried Californian Blueberries, 150g (Pack of 5)",,,,,https://www.amazon.in/Happilo-Premium-Dried-Californian-Blueberries-150g/dp/B075V7VWGP/ref=sr_1_383?dchild=1&fpw=pantry&qid=1587400157&s=pantry&sr=8-383&srs=9574332031,"?1,781.25"
https://m.media-amazon.com/images/I/91dxIGYZBqL._AC_UL320_ML3_.jpg,"Nusobee Casein 1 Infant Formula Tin, 400g",,,,,https://www.amazon.in/Nusobee-Casein-Infant-Formula-Tin/dp/B01J7NMUZ8/ref=sr_1_384?dchild=1&fpw=pantry&qid=1587400157&s=pantry&sr=8-384&srs=9574332031,?460
https://m.media-amazon.com/images/I/31RIePMW1tL._AC_UL320_ML3_.jpg,"Sirona Natural Anti Chafing Rash Cream- 5 Magical Herbs - Help In Soothing Rashes Due To Pads, Heavy Thighs, Chaffing Due To Sports Activities - 25 Gm",,,,,https://www.amazon.in/Sirona-Natural-Chafing-Cream-Magical/dp/B07WQVQPLP/ref=sr_1_385?dchild=1&fpw=pantry&qid=1587400162&s=pantry&sr=8-385&srs=9574332031,?394
https://m.media-amazon.com/images/I/81eGGwYbtbL._AC_UL320_ML3_.jpg,Bella Baby Happy Diapers Small 5 Pcs,,,,,https://www.amazon.in/Bella-Baby-Happy-Diapers-Pieces/dp/B07CHLWX3Q/ref=sr_1_386?dchild=1&fpw=pantry&qid=1587400162&s=pantry&sr=8-386&srs=9574332031,?84
https://m.media-amazon.com/images/I/713baiSNc2L._AC_UL320_ML3_.jpg,Gala 132780 Mr Tall Floor Mop (Multicolour),,,,,https://www.amazon.in/Gala-132780-Tall-Floor-Multicolour/dp/B01N6H6LVR/ref=sr_1_387?dchild=1&fpw=pantry&qid=1587400162&s=pantry&sr=8-387&srs=9574332031,?298
https://m.media-amazon.com/images/I/81NYyZ+5ceL._AC_UL320_ML3_.jpg,OLEEV Extra Light (Olive Oil) 1 LT,,,,,https://www.amazon.in/OLEEV-Extra-Light-Olive-Oil/dp/B07RTM7NHC/ref=sr_1_388?dchild=1&fpw=pantry&qid=1587400162&s=pantry&sr=8-388&srs=9574332031,"?1,498"
